Sales Date,Customer Number,Order #,Sales Rep ID,Product Id,Quantity,Discount Apply
27/06/2021,2258,44075,236,200047,75,
24/06/2021,2299,44113,241,200060,110,
16/06/2021,2186,43992,245,200046,385,
20/06/2021,2310,44120,242,200026,320,
29/06/2021,2219,44038,245,200082,175,
20/06/2021,2230,44040,240,200081,2075,
30/06/2021,2170,43990,242,200048,1075,y
21/06/2021,2246,44057,233,200088,100,
22/06/2021,2274,44086,250,200085,220,
27/06/2021,2190,44007,234,200068,1955,
01/06/2021,2141,43932,250,200072,370,
20/06/2021,2179,43989,239,200067,290,
22/06/2021,2143,43955,237,200088,325,
16/06/2021,2277,44083,237,200074,245,
20/06/2021,2182,43992,244,200069,880,
20/06/2021,2221,44031,247,200054,935,
28/06/2021,2139,43957,238,200073,345,
09/06/2021,2147,43946,231,200055,1235,
29/06/2021,2186,44005,245,200002,260,
31/05/2021,2134,43924,243,200081,770,y
19/06/2021,2131,43940,240,200065,1465,
22/06/2021,2141,43953,250,200074,205,
20/06/2021,2203,44013,232,200055,1380,
12/06/2021,2294,44096,230,200083,730,
16/06/2021,2125,43931,241,200088,755,
22/06/2021,2298,44110,242,200068,320,
06/06/2021,2270,44066,237,200057,1240,
21/05/2021,2261,44041,241,200055,735,
07/06/2021,2198,43995,240,200071,185,y
01/06/2021,2215,44006,241,200073,40,
29/06/2021,2229,44048,245,200002,260,
23/06/2021,2158,43971,242,200066,420,
21/06/2021,2268,44079,241,200072,225,
04/06/2021,2206,44000,239,200079,925,
30/06/2021,2272,44092,236,200065,155,
12/06/2021,2235,44037,242,200072,860,
29/05/2021,2126,43914,234,200056,1455,
02/06/2021,2261,44053,241,200081,735,
19/06/2021,2286,44095,237,200016,510,
13/06/2021,2310,44113,242,200026,790,
30/06/2021,2195,44015,241,200012,1110,
30/05/2021,2241,44030,242,200055,615,y
27/06/2021,2278,44095,230,200052,1805,
21/06/2021,2195,44006,241,200081,785,
21/06/2021,2222,44033,238,200060,70,
14/06/2021,2142,43946,234,200047,40,
02/06/2021,2131,43923,240,200079,1325,
19/06/2021,2164,43973,244,200027,455,
24/06/2021,2131,43945,240,200066,1375,
27/06/2021,2147,43964,231,200055,885,
11/06/2021,2254,44055,244,200066,1505,
30/06/2021,2126,43946,234,200083,245,
28/05/2021,2314,44101,237,200088,1235,
12/06/2021,2238,44040,241,200054,40,
17/06/2021,2133,43940,236,200066,1325,
12/06/2021,2136,43938,237,200054,765,
24/06/2021,2218,44032,238,200079,490,
22/05/2021,2300,44081,240,200082,1435,
24/06/2021,2206,44020,239,200012,1535,
18/06/2021,2315,44123,245,200084,380,
13/06/2021,2197,44000,241,200081,2735,
20/06/2021,2309,44119,241,200054,1005,
22/06/2021,2265,44077,235,200069,195,
21/06/2021,2152,43963,237,200053,380,
10/06/2021,2139,43939,238,200082,160,
11/05/2021,2254,44024,244,200070,215,
25/06/2021,2283,44098,235,200046,2005,
20/05/2021,2304,44083,237,200058,455,
28/05/2021,2256,44043,237,200060,1330,
24/05/2021,2278,44061,230,200044,420,
11/05/2021,2134,43904,243,200072,185,
25/06/2021,2159,43974,246,200072,150,
09/06/2021,2202,44001,247,200057,1140,
27/06/2021,2256,44073,237,200060,180,
05/06/2021,2247,44042,238,200068,1190,
12/06/2021,2248,44050,250,200068,1595,y
05/06/2021,2123,43918,238,200070,565,
19/06/2021,2201,44010,233,200065,1210,
26/06/2021,2273,44089,242,200069,480,
15/06/2021,2208,44013,243,200073,110,
27/06/2021,2159,43976,246,200045,775,
05/06/2021,2200,43995,230,200069,1045,
25/06/2021,2299,44114,241,200083,865,
05/06/2021,2177,43972,239,200070,1195,
26/05/2021,2191,43976,239,200085,1065,y
25/06/2021,2232,44047,240,200068,1890,
10/06/2021,2308,44108,246,200067,230,
30/06/2021,2164,43984,244,200071,935,
21/05/2021,2263,44043,240,200066,365,
08/06/2021,2129,43927,235,200065,390,
08/05/2021,2308,44075,246,200067,585,
03/06/2021,2123,43916,238,200016,915,
03/06/2021,2312,44105,228,200069,405,
21/05/2021,2147,43927,231,200081,2035,
25/05/2021,2283,44067,235,200088,245,
31/05/2021,2133,43923,236,200002,190,
21/06/2021,2151,43962,240,200081,290,
15/06/2021,2184,43989,244,200074,265,
28/04/2021,2315,44072,245,200059,1230,y
16/05/2021,2147,43922,231,200053,1590,
03/06/2021,2232,44025,240,200065,1090,
19/06/2021,2155,43964,246,200055,2345,
31/05/2021,2212,44002,249,200067,65,
13/06/2021,2298,44101,242,200067,1050,
30/05/2021,2166,43955,249,200088,200,y
18/06/2021,2134,43942,243,200047,1115,
04/06/2021,2304,44098,237,200055,275,
18/04/2021,2219,43966,245,200055,1390,
31/05/2021,2232,44022,240,200079,335,
04/06/2021,2263,44057,240,200085,940,
09/06/2021,2196,43995,242,200066,480,
21/06/2021,2249,44060,228,200089,225,
22/05/2021,2201,43982,233,200048,30,
23/05/2021,2193,43975,242,200083,945,
23/04/2021,2127,43879,233,200073,515,
20/06/2021,2192,44002,231,200047,1085,
30/05/2021,2273,44062,242,200068,160,
07/04/2021,2217,43953,230,200065,1510,
21/05/2021,2259,44039,238,200069,380,
09/05/2021,2231,43999,239,200089,765,
13/06/2021,2217,44020,230,200083,1000,
16/06/2021,2234,44040,239,200053,1390,
11/06/2021,2164,43965,244,200055,2115,
12/06/2021,2302,44104,236,200047,835,
21/05/2021,2123,43903,238,200016,420,
06/05/2021,2167,43932,249,200073,1160,
11/05/2021,2293,44063,242,200048,5,
31/05/2021,2208,43998,243,200026,275,
13/05/2021,2183,43955,248,200046,1495,
29/05/2021,2288,44076,248,200069,1020,
10/06/2021,2158,43958,242,200026,220,
31/03/2021,2269,43998,239,200067,710,
29/05/2021,2195,43983,241,200068,1215,
06/06/2021,2311,44107,246,200002,1065,
29/05/2021,2230,44018,240,200047,675,
12/06/2021,2244,44046,240,200054,490,
17/05/2021,2259,44035,238,200060,400,
06/06/2021,2312,44108,228,200082,1230,
16/05/2021,2214,43989,248,200073,1080,y
13/05/2021,2147,43919,231,200053,965,
14/06/2021,2285,44089,237,200089,365,
19/04/2021,2196,43944,242,200070,410,
05/05/2021,2278,44042,230,200056,1685,
23/05/2021,2154,43936,240,200055,625,
25/06/2021,2268,44083,241,200065,1690,
23/05/2021,2216,43998,233,200060,880,
17/05/2021,2126,43902,234,200054,500,
20/04/2021,2190,43939,234,200055,530,
15/04/2021,2249,43993,228,200071,1145,
19/05/2021,2246,44024,233,200070,1665,
19/04/2021,2283,44031,235,200026,160,
08/05/2021,2259,44026,238,200047,310,
21/05/2021,2214,43994,248,200043,410,
11/06/2021,2292,44093,245,200081,1385,
16/06/2021,2244,44050,240,200054,1420,
26/05/2021,2170,43955,242,200012,935,
21/05/2021,2261,44041,241,200071,335,
01/05/2021,2176,43936,238,200071,760,
24/05/2021,2309,44092,241,200065,475,
20/05/2021,2139,43918,238,200070,350,
10/06/2021,2272,44072,236,200081,2350,
02/05/2021,2225,43986,233,200083,1065,
26/06/2021,2232,44048,240,200057,1695,
16/05/2021,2250,44025,236,200067,145,
25/04/2021,2224,43978,243,200074,340,
17/04/2021,2254,44000,244,200060,925,
23/05/2021,2124,43906,244,200066,325,
24/04/2021,2260,44013,236,200026,755,
30/05/2021,2200,43989,230,200046,530,
13/05/2021,2249,44021,228,200026,770,
05/06/2021,2218,44013,238,200002,690,
11/05/2021,2305,44075,243,200067,190,
14/04/2021,2192,43935,231,200054,790,
05/05/2021,2155,43919,246,200065,1375,
24/05/2021,2194,43977,232,200073,230,
27/03/2021,2276,44001,245,200073,440,
18/05/2021,2245,44022,240,200069,525,
10/05/2021,2222,43991,238,200074,215,
23/04/2021,2182,43934,244,200085,290,
23/04/2021,2270,44022,237,200048,535,y
02/05/2021,2133,43894,236,200079,1490,
30/04/2021,2225,43984,233,200088,980,
20/05/2021,2278,44057,230,200070,930,
20/06/2021,2162,43972,241,200069,245,
11/05/2021,2145,43915,242,200065,65,
05/05/2021,2307,44071,238,200065,410,
25/05/2021,2193,43977,242,200085,55,
20/04/2021,2222,43971,238,200071,225,
04/05/2021,2161,43924,239,200083,275,
06/05/2021,2139,43904,238,200074,1565,
20/04/2021,2195,43944,241,200074,275,
18/05/2021,2202,43979,247,200083,235,
28/05/2021,2125,43912,241,200073,765,
22/04/2021,2311,44062,246,200066,1435,
07/05/2021,2159,43925,246,200043,995,
02/05/2021,2231,43992,239,200074,1255,
28/03/2021,2284,44010,238,200046,280,
01/05/2021,2190,43950,234,200060,1220,
27/04/2021,2207,43963,240,200058,145,
28/04/2021,2270,44027,237,200066,2085,
24/03/2021,2169,43891,238,200067,1345,
02/06/2021,2161,43953,239,200054,1070,
08/04/2021,2257,43994,245,200046,520,
21/04/2021,2213,43963,232,200085,1330,
01/05/2021,2216,43976,233,200073,1105,
04/05/2021,2259,44022,238,200069,205,
22/03/2021,2131,43851,240,200060,260,
06/05/2021,2134,43899,243,200058,1930,
26/04/2021,2288,44043,248,200060,375,
12/04/2021,2217,43958,230,200089,305,
23/04/2021,2168,43920,234,200055,140,
08/05/2021,2212,43979,249,200078,860,
15/05/2021,2196,43970,242,200053,2150,
12/05/2021,2170,43941,242,200074,940,
22/05/2021,2255,44036,238,200088,660,
19/03/2021,2133,43850,236,200027,260,
14/04/2021,2193,43936,242,200089,695,
30/03/2021,2210,43938,233,200047,45,y
01/05/2021,2317,44077,244,200012,200,
30/03/2021,2130,43858,240,200060,340,
13/05/2021,2310,44082,242,200058,580,
07/04/2021,2125,43861,241,200065,1295,
18/05/2021,2135,43912,246,200070,260,
03/04/2021,2292,44024,245,200070,1260,
06/05/2021,2202,43967,247,200067,935,
12/04/2021,2182,43923,244,200067,275,
04/04/2021,2241,43974,242,200012,640,
06/03/2021,2312,44016,228,200052,1775,
28/03/2021,2186,43912,245,200027,85,
01/04/2021,2306,44036,240,200047,575,
07/04/2021,2215,43951,241,200083,1090,
16/03/2021,2274,43988,250,200073,345,
20/04/2021,2125,43874,241,200089,210,
27/04/2021,2196,43952,242,200069,285,
20/05/2021,2134,43913,243,200065,1330,
13/05/2021,2144,43916,238,200074,580,
12/04/2021,2202,43943,247,200026,250,
09/04/2021,2122,43860,237,200079,270,
09/05/2021,2122,43890,237,200002,835,
03/04/2021,2261,43993,241,200058,530,
26/03/2021,2206,43930,239,200067,1550,
02/05/2021,2268,44029,241,200067,1055,
11/05/2021,2183,43953,248,200070,175,
05/04/2021,2310,44044,242,200088,210,
10/04/2021,2195,43934,241,200002,765,
23/04/2021,2155,43907,246,200069,1170,
15/04/2021,2241,43985,242,200072,1875,
17/03/2021,2265,43980,235,200082,1675,
03/03/2021,2160,43861,231,200079,1025,
19/04/2021,2149,43897,235,200083,270,
03/04/2021,2183,43915,248,200054,1665,
13/04/2021,2132,43874,240,200070,400,
24/04/2021,2192,43945,231,200053,710,
26/04/2021,2195,43950,241,200056,400,y
25/03/2021,2311,44034,246,200065,250,
20/04/2021,2270,44019,237,200055,330,
17/04/2021,2130,43876,240,200012,810,
08/04/2021,2128,43865,237,200078,1620,
11/05/2021,2241,44011,242,200073,105,
11/05/2021,2269,44039,239,200046,495,
16/04/2021,2268,44013,241,200071,415,
24/04/2021,2266,44019,237,200060,405,
07/05/2021,2208,43974,243,200074,805,
16/04/2021,2300,44045,240,200044,1605,
05/06/2021,2196,43991,242,200044,1045,
18/05/2021,2139,43916,238,200057,375,
13/04/2021,2190,43932,234,200067,355,
11/03/2021,2188,43897,248,200047,325,
02/05/2021,2259,44020,238,200089,1155,
19/03/2021,2135,43852,246,200084,980,
14/05/2021,2242,44015,240,200081,1385,
25/04/2021,2307,44061,238,200058,695,
02/05/2021,2247,44008,238,200016,0,
08/04/2021,2264,44001,237,200056,1435,
01/04/2021,2196,43926,242,200060,990,
24/03/2021,2197,43919,241,200073,835,
11/04/2021,2149,43889,235,200057,1725,
11/04/2021,2305,44045,243,200044,1200,
15/04/2021,2310,44054,242,200070,340,
17/04/2021,2288,44034,248,200069,585,
16/04/2021,2289,44034,238,200070,1415,
11/04/2021,2192,43932,231,200070,640,
20/04/2021,2162,43911,241,200066,20,
11/03/2021,2181,43890,238,200059,820,
25/04/2021,2202,43956,247,200056,735,
22/03/2021,2274,43994,250,200058,290,
08/04/2021,2122,43859,237,200084,1705,
20/04/2021,2126,43875,234,200067,285,
06/04/2021,2188,43923,248,200088,15,
06/04/2021,2133,43868,236,200046,145,
19/04/2021,2122,43870,237,200067,195,
22/03/2021,2139,43859,238,200069,250,
04/04/2021,2206,43939,239,200026,675,
11/03/2021,2230,43939,240,200072,1480,
18/04/2021,2242,43989,240,200053,1295,
08/04/2021,2184,43921,244,200089,1335,
17/03/2021,2300,44015,240,200072,1155,
30/03/2021,2266,43994,237,200047,95,
21/04/2021,2152,43902,237,200052,1265,
12/04/2021,2224,43965,243,200069,350,
06/03/2021,2247,43951,238,200088,1405,
18/05/2021,2142,43919,234,200065,35,y
18/03/2021,2141,43857,250,200089,225,
21/03/2021,2167,43886,249,200081,2040,
03/05/2021,2214,43976,248,200012,110,
27/03/2021,2196,43921,242,200012,1035,
16/03/2021,2302,44016,236,200057,390,
20/04/2021,2149,43898,235,200056,290,
01/05/2021,2142,43902,234,200060,1250,
22/03/2021,2254,43974,244,200060,220,
27/03/2021,2155,43880,246,200067,1240,
16/02/2021,2197,43883,241,200060,250,
06/04/2021,2167,43902,249,200060,245,
02/03/2021,2225,43925,233,200085,300,
04/03/2021,2266,43968,237,200067,685,
23/04/2021,2190,43942,234,200043,1485,
28/03/2021,2313,44039,248,200070,620,
18/03/2021,2211,43927,239,200079,410,
01/04/2021,2172,43902,244,200002,90,
25/03/2021,2227,43950,243,200071,360,
06/04/2021,2311,44046,246,200088,295,
10/04/2021,2133,43872,236,200067,920,
02/05/2021,2280,44041,244,200073,150,
10/03/2021,2219,43927,245,200068,1050,
18/02/2021,2221,43909,247,200069,1395,
09/04/2021,2196,43934,242,200054,1185,
27/03/2021,2155,43880,246,200082,400,
01/04/2021,2200,43930,230,200048,610,
12/03/2021,2276,43986,245,200045,1560,
15/03/2021,2190,43903,234,200082,165,
09/04/2021,2151,43889,240,200081,1725,
10/04/2021,2126,43865,234,200067,475,
11/04/2021,2264,44004,237,200073,1295,
10/03/2021,2147,43855,231,200079,365,
25/03/2021,2169,43892,238,200056,815,
17/03/2021,2258,43973,236,200083,405,
25/03/2021,2315,44038,245,200084,910,
05/03/2021,2248,43951,250,200054,945,y
08/03/2021,2219,43925,245,200068,160,
22/04/2021,2195,43946,241,200068,890,y
08/04/2021,2136,43873,237,200044,445,
21/03/2021,2261,43980,241,200054,1325,y
28/03/2021,2227,43953,243,200066,790,
22/02/2021,2309,44001,241,200082,75,
26/02/2021,2298,43994,242,200044,1145,y
07/03/2021,2131,43836,240,200053,1145,
20/03/2021,2270,43988,237,200055,1180,
08/04/2021,2294,44031,230,200054,695,
11/03/2021,2234,43943,239,200073,905,
24/02/2021,2206,43900,239,200069,915,
22/02/2021,2176,43868,238,200059,95,
24/03/2021,2286,44008,237,200071,105,
30/03/2021,2148,43876,244,200012,55,
28/03/2021,2128,43854,237,200089,735,
06/03/2021,2207,43911,240,200016,440,
01/03/2021,2169,43868,238,200083,375,
21/03/2021,2288,44007,248,200079,825,
13/02/2021,2284,43967,238,200043,690,
17/04/2021,2284,44030,238,200066,580,
08/04/2021,2291,44028,240,200054,790,
09/04/2021,2317,44055,244,200069,1020,
05/03/2021,2135,43838,246,200079,485,
14/03/2021,2123,43835,238,200074,855,
06/03/2021,2255,43959,238,200043,735,
16/04/2021,2183,43928,248,200072,1880,
23/01/2021,2224,43886,243,200074,610,
11/04/2021,2171,43911,232,200069,50,
11/03/2021,2297,44006,238,200043,475,
19/02/2021,2214,43903,248,200082,800,
16/04/2021,2203,43948,232,200068,1500,
13/04/2021,2181,43923,238,200059,295,
18/02/2021,2216,43904,233,200046,170,
05/03/2021,2139,43842,238,200079,1480,
08/04/2021,2143,43880,237,200055,455,y
01/04/2021,2177,43907,239,200046,1165,
15/02/2021,2144,43829,238,200057,295,
04/04/2021,2313,44046,248,200052,1425,
16/04/2021,2208,43953,243,200083,480,
13/03/2021,2266,43977,237,200070,1215,
04/03/2021,2224,43926,243,200066,885,
17/03/2021,2134,43849,243,200068,350,
21/04/2021,2206,43956,239,200055,595,
07/04/2021,2170,43906,242,200045,1605,y
18/02/2021,2146,43834,236,200056,365,
26/02/2021,2153,43849,237,200088,1155,
15/01/2021,2173,43827,240,200060,335,
14/03/2021,2271,43983,244,200055,490,
01/03/2021,2145,43844,242,200066,200,
20/02/2021,2163,43853,234,200047,365,
06/03/2021,2274,43978,250,200069,1040,
09/02/2021,2224,43903,243,200081,405,
11/03/2021,2222,43931,238,200082,1705,
28/02/2021,2152,43850,237,200068,1205,
12/03/2021,2254,43964,244,200060,1105,
16/03/2021,2170,43884,242,200060,180,
30/03/2021,2177,43905,239,200056,230,
08/02/2021,2134,43812,243,200047,215,
19/02/2021,2164,43853,244,200060,170,
24/03/2021,2219,43941,245,200053,885,
01/02/2021,2304,43975,237,200073,120,
20/04/2021,2261,44010,241,200074,170,
02/03/2021,2169,43869,238,200016,155,
13/03/2021,2295,44006,229,200073,1045,
15/02/2021,2303,43988,247,200073,185,
09/02/2021,2140,43819,233,200060,195,
17/03/2021,2232,43947,240,200074,1610,
09/03/2021,2211,43918,239,200046,280,
04/04/2021,2269,44002,239,200073,1750,
07/02/2021,2257,43934,245,200082,690,
18/03/2021,2225,43941,233,200074,390,
21/03/2021,2283,44002,235,200067,1005,
09/01/2021,2202,43850,247,200056,1190,
17/02/2021,2159,43846,246,200073,585,
22/03/2021,2235,43955,242,200067,350,
06/04/2021,2132,43867,240,200059,75,
28/02/2021,2278,43976,230,200067,610,
30/03/2021,2283,44011,235,200069,145,
19/02/2021,2277,43966,237,200002,605,
27/02/2021,2186,43883,245,200074,1010,
27/02/2021,2178,43875,237,200060,95,
09/02/2021,2184,43863,244,200069,235,
28/02/2021,2263,43961,240,200068,955,
06/03/2021,2302,44006,236,200072,680,
12/02/2021,2147,43829,231,200089,600,
23/02/2021,2156,43849,238,200056,145,
04/03/2021,2284,43986,238,200002,640,
26/02/2021,2217,43913,230,200072,690,
02/03/2021,2219,43919,245,200073,175,
15/04/2021,2242,43986,240,200068,770,
13/03/2021,2161,43872,239,200089,625,
14/02/2021,2170,43854,242,200065,1200,
25/02/2021,2274,43969,250,200083,620,
19/02/2021,2302,43991,236,200071,1180,
31/01/2021,2230,43900,240,200016,790,
29/03/2021,2248,43975,250,200026,185,
12/03/2021,2152,43862,237,200046,1235,
29/03/2021,2218,43945,238,200066,10,
05/04/2021,2214,43948,248,200066,250,
08/03/2021,2244,43950,240,200067,75,
22/03/2021,2172,43892,244,200046,55,y
19/02/2021,2234,43923,239,200027,505,
10/02/2021,2251,43931,235,200067,1080,
14/03/2021,2266,43978,237,200057,670,
22/02/2021,2122,43814,237,200081,285,
23/02/2021,2317,44010,244,200046,245,
19/02/2021,2273,43962,242,200044,510,
20/02/2021,2183,43873,248,200048,1290,
18/02/2021,2131,43819,240,200026,750,
03/04/2021,2167,43899,249,200027,715,
06/02/2021,2175,43851,246,200056,245,
13/02/2021,2270,43953,237,200059,1500,
19/01/2021,2160,43818,231,200070,345,
11/02/2021,2197,43878,241,200046,965,
08/02/2021,2136,43814,237,200067,70,
18/01/2021,2197,43854,241,200067,390,
05/01/2021,2261,43905,241,200055,230,
19/01/2021,2130,43788,240,200047,245,
26/02/2021,2176,43872,238,200069,245,
23/02/2021,2231,43924,239,200065,275,
26/02/2021,2214,43910,248,200070,965,
22/02/2021,2254,43946,244,200053,85,
07/02/2021,2148,43825,244,200085,150,
08/02/2021,2296,43974,244,200082,405,
05/03/2021,2272,43975,236,200089,1060,
16/02/2021,2168,43854,234,200083,260,
21/01/2021,2292,43952,245,200027,665,
27/02/2021,2266,43963,237,200079,690,
24/02/2021,2223,43917,248,200081,350,
20/01/2021,2296,43955,244,200054,965,
23/01/2021,2193,43855,242,200067,705,
28/01/2021,2143,43810,237,200068,405,
13/01/2021,2124,43776,244,200065,215,
28/01/2021,2187,43854,239,200026,150,
18/01/2021,2238,43895,241,200060,215,
05/02/2021,2302,43977,236,200002,425,
22/01/2021,2193,43854,242,200067,410,
16/02/2021,2224,43910,243,200055,150,
14/03/2021,2143,43855,237,200055,1240,
14/03/2021,2221,43933,247,200074,1155,
18/01/2021,2298,43955,242,200047,90,
25/01/2021,2285,43949,237,200069,315,
12/02/2021,2295,43977,229,200073,1010,
03/02/2021,2197,43870,241,200081,1255,
04/02/2021,2247,43921,238,200043,570,
23/01/2021,2242,43904,240,200070,925,
20/03/2021,2299,44017,241,200060,905,
15/02/2021,2171,43856,232,200060,225,
11/02/2021,2276,43957,245,200088,700,
11/01/2021,2191,43841,239,200074,205,
07/02/2021,2278,43955,230,200016,505,
27/02/2021,2269,43966,239,200012,685,
03/02/2021,2130,43803,240,200079,995,
27/02/2021,2295,43992,229,200072,610,y
01/03/2021,2151,43850,240,200054,310,
12/02/2021,2189,43871,244,200066,100,
09/02/2021,2192,43871,231,200084,55,
13/02/2021,2313,43996,248,200081,610,
22/02/2021,2286,43978,237,200085,120,
26/12/2020,2312,43946,228,200053,1105,
07/02/2021,2176,43853,238,200067,670,
23/02/2021,2196,43889,242,200088,305,
10/02/2021,2154,43834,240,200084,115,
14/01/2021,2170,43823,242,200079,665,
26/01/2021,2244,43909,240,200054,160,
05/02/2021,2181,43856,238,200060,550,
09/02/2021,2235,43914,242,200069,180,
14/01/2021,2245,43898,240,200058,665,
21/01/2021,2133,43793,236,200026,955,
15/02/2021,2171,43856,232,200079,125,
11/02/2021,2125,43806,241,200073,90,
23/01/2021,2219,43881,245,200088,1115,
09/01/2021,2143,43791,237,200085,770,
17/03/2021,2142,43857,234,200026,200,
22/01/2021,2184,43845,244,200078,970,
03/03/2021,2153,43854,237,200055,830,
19/02/2021,2183,43872,248,200089,1555,
06/02/2021,2163,43839,234,200084,420,
07/01/2021,2184,43830,244,200044,1125,
11/01/2021,2206,43856,239,200046,170,
28/01/2021,2291,43958,240,200046,645,
18/01/2021,2219,43876,245,200082,255,
28/02/2021,2210,43908,233,200046,965,
17/12/2020,2251,43876,235,200058,350,
05/01/2021,2127,43771,233,200074,330,
02/02/2021,2231,43903,239,200079,150,
11/03/2021,2257,43966,245,200081,1435,
12/02/2021,2210,43892,233,200055,625,
20/01/2021,2155,43814,246,200084,1030,
13/01/2021,2156,43808,238,200048,285,
05/02/2021,2245,43920,240,200067,1280,
22/01/2021,2190,43851,234,200065,960,
26/01/2021,2193,43858,242,200026,125,
24/01/2021,2248,43911,250,200070,945,
10/02/2021,2131,43811,240,200057,715,
22/02/2021,2310,44002,242,200060,45,
11/02/2021,2161,43842,239,200045,375,
24/01/2021,2160,43823,231,200085,500,
10/02/2021,2311,43991,246,200071,985,
01/03/2021,2278,43977,230,200048,355,
30/12/2020,2198,43836,240,200069,945,
27/02/2021,2159,43856,246,200048,1025,
23/01/2021,2210,43872,233,200085,945,
25/02/2021,2139,43834,238,200046,1085,
28/02/2021,2283,43981,235,200074,545,
29/01/2021,2228,43896,229,200016,500,
15/01/2021,2183,43837,248,200065,760,
04/02/2021,2186,43860,245,200026,1245,
14/01/2021,2245,43898,240,200047,735,
18/01/2021,2289,43946,238,200070,150,
08/01/2021,2178,43825,237,200073,435,
26/02/2021,2186,43882,245,200070,1135,
05/01/2021,2253,43897,249,200002,105,
26/01/2021,2161,43826,239,200070,140,
12/12/2020,2163,43783,234,200047,1330,
04/01/2021,2192,43835,231,200057,375,
06/02/2021,2298,43974,242,200073,660,
24/02/2021,2276,43970,245,200055,475,
10/01/2021,2174,43823,239,200044,680,
07/02/2021,2153,43830,237,200067,485,
27/11/2020,2217,43822,230,200069,1040,
13/12/2020,2284,43905,238,200066,1930,
18/12/2020,2283,43909,235,200088,2175,y
20/01/2021,2312,43971,228,200047,950,
23/01/2021,2242,43904,240,200088,1355,
23/12/2020,2125,43756,241,200057,785,
16/01/2021,2208,43863,243,200079,1190,
22/01/2021,2242,43903,240,200054,1635,
05/02/2021,2265,43940,235,200055,740,
08/12/2020,2189,43805,244,200016,380,
23/12/2020,2171,43802,232,200053,125,
27/12/2020,2242,43877,240,200066,2265,
26/02/2021,2131,43827,240,200066,945,
22/01/2021,2127,43788,233,200056,630,
08/02/2021,2129,43807,235,200057,35,
20/12/2020,2182,43810,244,200060,1275,
06/01/2021,2148,43793,244,200068,610,
04/12/2020,2311,43923,246,200026,1220,
25/01/2021,2254,43918,244,200089,175,
18/12/2020,2132,43758,240,200002,1290,
05/12/2020,2163,43776,234,200027,495,
16/12/2020,2145,43769,242,200066,1475,
10/12/2020,2221,43839,247,200070,745,
02/02/2021,2251,43923,235,200026,180,
22/01/2021,2217,43878,230,200079,1175,
01/02/2021,2193,43864,242,200056,70,
16/12/2020,2189,43813,244,200048,1340,
15/01/2021,2267,43921,238,200048,190,
07/01/2021,2190,43836,234,200079,665,
26/12/2020,2216,43850,233,200066,1545,
18/12/2020,2268,43894,241,200072,2690,
26/11/2020,2245,43849,240,200047,965,
06/01/2021,2184,43829,244,200067,275,
05/12/2020,2278,43891,230,200067,840,
17/11/2020,2260,43855,236,200052,310,
17/12/2020,2168,43793,234,200048,825,
31/12/2020,2256,43895,237,200047,1135,
15/01/2021,2166,43820,249,200067,935,
05/01/2021,2149,43793,235,200073,110,
27/12/2020,2147,43782,231,200054,1695,
17/12/2020,2196,43821,242,200069,1405,
05/01/2021,2199,43843,237,200071,215,
05/12/2020,2155,43768,246,200002,1490,
11/12/2020,2157,43776,232,200072,1240,
03/01/2021,2160,43802,231,200047,875,
16/01/2021,2169,43824,238,200072,585,
12/12/2020,2195,43815,241,200081,3485,
01/01/2021,2234,43874,239,200084,705,
06/01/2021,2198,43843,240,200026,175,
24/11/2020,2163,43765,234,200065,225,
16/12/2020,2221,43845,247,200055,2025,
15/12/2020,2169,43792,238,200081,555,
09/12/2020,2310,43927,242,200060,850,
21/10/2020,2147,43715,231,200073,835,
21/12/2020,2241,43870,242,200065,470,
16/12/2020,2268,43892,241,200070,1520,
07/01/2021,2182,43828,244,200026,540,
19/01/2021,2203,43861,232,200059,230,
28/11/2020,2274,43880,250,200081,2200,
27/12/2020,2287,43922,235,200060,390,
14/12/2020,2190,43812,234,200081,1390,
26/01/2021,2131,43796,240,200048,410,
02/01/2021,2155,43796,246,200046,1375,
20/12/2020,2149,43777,235,200012,755,
08/12/2020,2221,43837,247,200070,260,
16/01/2021,2195,43850,241,200056,130,
24/12/2020,2219,43851,245,200059,1685,
25/12/2020,2123,43756,238,200055,1670,
09/12/2020,2133,43750,236,200071,945,
16/01/2021,2274,43929,250,200081,1280,
14/12/2020,2126,43748,234,200088,715,
08/12/2020,2227,43843,243,200073,45,
13/12/2020,2136,43757,237,200057,2425,
07/12/2020,2214,43829,248,200002,115,
06/12/2020,2168,43782,234,200059,945,
30/11/2020,2242,43850,240,200026,310,
12/01/2021,2131,43782,240,200055,220,
03/12/2020,2210,43821,233,200067,1060,
23/12/2020,2284,43915,238,200055,2275,
08/01/2021,2142,43789,234,200054,185,
06/01/2021,2142,43787,234,200054,800,
03/01/2021,2213,43855,232,200067,380,
11/01/2021,2166,43816,249,200082,160,
30/11/2020,2198,43806,240,200070,50,
20/11/2020,2207,43805,240,200048,445,
22/12/2020,2307,43937,238,200069,305,
28/12/2020,2167,43803,249,200071,530,
17/12/2020,2126,43751,234,200046,435,
01/12/2020,2134,43743,243,200066,780,
16/12/2020,2258,43882,236,200046,960,
07/12/2020,2171,43786,232,200052,410,
04/12/2020,2166,43778,249,200082,2975,
29/11/2020,2139,43746,238,200067,1090,
12/12/2020,2284,43904,238,200070,1585,
20/11/2020,2182,43780,244,200067,890,
10/12/2020,2140,43758,233,200055,1070,
06/11/2020,2248,43832,250,200052,955,
17/12/2020,2232,43857,240,200043,1770,
30/12/2020,2190,43828,234,200048,2310,
03/01/2021,2305,43947,243,200088,960,
09/11/2020,2125,43712,241,200016,15,
08/01/2021,2147,43794,231,200046,710,
02/01/2021,2232,43873,240,200053,1465,
15/12/2020,2214,43837,248,200081,1040,
14/12/2020,2276,43898,245,200058,640,
29/12/2020,2278,43915,230,200089,605,
28/11/2020,2130,43736,240,200066,890,
23/12/2020,2170,43801,242,200055,405,
18/12/2020,2197,43823,241,200070,1355,
24/12/2020,2172,43804,244,200057,1110,
19/11/2020,2145,43742,242,200027,290,
09/12/2020,2210,43827,233,200002,775,
10/11/2020,2259,43847,238,200079,10,
26/11/2020,2183,43787,248,200074,1720,
07/12/2020,2155,43770,246,200054,580,
14/12/2020,2250,43872,236,200089,320,
25/10/2020,2277,43849,237,200058,220,
15/11/2020,2188,43781,248,200047,915,
07/01/2021,2244,43890,240,200046,815,
22/11/2020,2291,43891,240,200048,600,
22/11/2020,2169,43769,238,200069,875,
27/11/2020,2169,43774,238,200068,1580,
27/12/2020,2151,43786,240,200066,805,
17/01/2021,2208,43864,243,200069,890,
05/11/2020,2177,43760,239,200079,1780,
10/12/2020,2311,43929,246,200027,1385,
09/12/2020,2261,43878,241,200065,1115,
03/12/2020,2130,43741,240,200079,755,
22/10/2020,2277,43846,237,200027,900,
21/12/2020,2213,43842,232,200060,220,
30/11/2020,2232,43840,240,200069,340,
20/12/2020,2252,43880,241,200074,905,
06/12/2020,2224,43838,243,200027,665,
02/12/2020,2305,43915,243,200046,1320,
06/12/2020,2273,43887,242,200074,975,
08/11/2020,2230,43816,240,200066,1310,
19/12/2020,2234,43861,239,200068,1145,
05/11/2020,2139,43722,238,200083,1070,
26/12/2020,2294,43928,230,200085,165,
08/11/2020,2171,43757,232,200027,655,
12/12/2020,2122,43742,237,200052,1785,
22/11/2020,2277,43877,237,200056,885,
17/11/2020,2285,43880,237,200073,170,
13/11/2020,2180,43771,235,200016,490,
29/11/2020,2192,43799,231,200071,980,
21/10/2020,2208,43776,243,200067,1490,
09/12/2020,2239,43856,250,200070,275,
29/11/2020,2285,43892,237,200046,1495,
18/11/2020,2269,43865,239,200069,1635,
23/11/2020,2206,43807,239,200059,340,
25/12/2020,2221,43854,247,200012,2320,
17/11/2020,2268,43863,241,200089,375,
10/12/2020,2295,43913,229,200068,2100,
21/10/2020,2154,43722,240,200016,775,
27/11/2020,2211,43816,239,200066,155,
13/12/2020,2280,43901,244,200082,180,
16/11/2020,2172,43766,244,200058,210,
03/11/2020,2273,43854,242,200071,65,
26/11/2020,2210,43814,233,200053,970,
17/11/2020,2142,43737,234,200068,170,
09/12/2020,2199,43816,237,200074,45,
13/12/2020,2283,43904,235,200046,1885,
29/11/2020,2242,43849,240,200066,825,
23/11/2020,2167,43768,249,200079,485,
12/11/2020,2214,43804,248,200068,1350,
25/11/2020,2191,43794,239,200069,1345,
30/11/2020,2183,43791,248,200069,345,
18/11/2020,2152,43748,237,200071,2115,
05/12/2020,2263,43876,240,200074,160,
23/10/2020,2228,43798,229,200055,795,
08/12/2020,2148,43764,244,200056,190,
08/11/2020,2292,43878,245,200069,960,
13/12/2020,2295,43916,229,200082,2125,
15/12/2020,2254,43877,244,200069,380,
10/12/2020,2203,43821,232,200055,1775,
21/12/2020,2172,43801,244,200054,355,
12/12/2020,2202,43822,247,200012,1560,
20/11/2020,2197,43795,241,200069,1415,
18/11/2020,2290,43886,236,200055,1900,
19/12/2020,2222,43849,238,200088,340,
24/11/2020,2231,43833,239,200074,520,
10/12/2020,2176,43794,238,200012,690,
31/10/2020,2314,43892,237,200060,295,
27/10/2020,2168,43742,234,200067,490,
09/11/2020,2219,43806,245,200072,360,
29/11/2020,2286,43893,237,200057,715,
07/11/2020,2143,43728,237,200055,1155,
13/10/2020,2284,43844,238,200083,285,
01/12/2020,2234,43843,239,200027,245,
11/12/2020,2290,43909,236,200082,2035,
04/12/2020,2130,43742,240,200060,1240,
22/11/2020,2313,43913,248,200046,1465,
25/11/2020,2224,43827,243,200074,1125,
15/11/2020,2174,43767,239,200002,285,
02/01/2021,2196,43837,242,200089,1090,
06/12/2020,2126,43740,234,200081,2065,
09/11/2020,2260,43847,236,200055,270,
09/12/2020,2232,43849,240,200048,1235,
14/11/2020,2256,43848,237,200070,340,
29/09/2020,2129,43675,235,200016,200,
25/11/2020,2126,43729,234,200055,1265,
25/10/2020,2149,43721,235,200053,255,
28/11/2020,2285,43891,237,200055,1370,
09/10/2020,2123,43679,238,200078,1205,
01/12/2020,2293,43902,242,200083,250,
07/12/2020,2140,43755,233,200079,130,
16/10/2020,2128,43691,237,200057,1200,
02/12/2020,2184,43794,244,200083,685,
17/11/2020,2252,43847,241,200012,50,
12/11/2020,2198,43788,240,200056,25,
24/11/2020,2261,43863,241,200002,100,
22/10/2020,2268,43837,241,200060,1510,
15/12/2020,2222,43845,238,200055,200,
03/11/2020,2184,43765,244,200002,235,
01/11/2020,2143,43722,237,200081,1930,
28/11/2020,2276,43882,245,200069,990,
06/12/2020,2219,43833,245,200055,2415,
22/12/2020,2255,43885,238,200058,600,
19/10/2020,2127,43693,233,200079,100,
27/10/2020,2270,43844,237,200057,440,
22/10/2020,2242,43811,240,200067,1490,
26/11/2020,2127,43731,233,200079,1470,
09/11/2020,2220,43807,243,200066,260,
03/11/2020,2245,43826,240,200071,480,
10/11/2020,2269,43857,239,200072,375,
30/09/2020,2316,43863,241,200083,225,
21/10/2020,2264,43832,237,200058,1300,
11/11/2020,2131,43720,240,200012,965,
27/11/2020,2133,43738,236,200083,145,
30/10/2020,2183,43760,248,200053,1235,
27/11/2020,2122,43727,237,200070,1140,
13/11/2020,2283,43874,235,200071,1565,
30/09/2020,2129,43676,235,200073,405,
20/10/2020,2301,43868,235,200065,65,
04/11/2020,2131,43713,240,200043,2090,
23/11/2020,2269,43870,239,200072,265,
10/11/2020,2176,43764,238,200060,330,
22/09/2020,2170,43709,242,200082,180,
06/11/2020,2272,43856,236,200074,615,
25/11/2020,2182,43785,244,200067,1230,
02/11/2020,2176,43756,238,200054,205,
17/10/2020,2234,43798,239,200057,850,
12/11/2020,2170,43760,242,200081,1260,
21/11/2020,2305,43904,243,200074,540,
26/10/2020,2316,43889,241,200065,45,
12/10/2020,2174,43733,239,200055,225,
28/10/2020,2223,43798,248,200045,620,
28/10/2020,2229,43804,245,200016,185,
05/11/2020,2145,43728,242,200068,1135,
23/10/2020,2266,43836,237,200044,875,
03/11/2020,2316,43897,241,200059,70,
19/09/2020,2283,43819,235,200069,1065,
20/11/2020,2304,43902,237,200067,1370,
03/10/2020,2312,43862,228,200059,840,
20/11/2020,2304,43902,237,200054,1160,
28/10/2020,2294,43869,230,200047,160,
24/10/2020,2203,43774,232,200088,1605,
02/11/2020,2284,43864,238,200085,450,
08/11/2020,2219,43805,245,200082,1290,
21/11/2020,2170,43769,242,200081,2790,
21/09/2020,2149,43687,235,200002,45,
25/10/2020,2247,43819,238,200060,1855,
24/10/2020,2191,43762,239,200055,765,
12/10/2020,2245,43804,240,200081,785,
13/11/2020,2264,43855,237,200002,1030,
29/09/2020,2217,43763,230,200070,190,
27/12/2020,2161,43796,239,200079,2565,
25/11/2020,2302,43905,236,200055,1670,
21/10/2020,2284,43852,238,200065,1065,
21/09/2020,2131,43669,240,200026,205,
28/10/2020,2143,43718,237,200012,630,
30/10/2020,2214,43791,248,200043,1090,
29/11/2020,2227,43834,243,200060,285,
29/10/2020,2216,43792,233,200084,1455,
11/10/2020,2307,43865,238,200044,1390,
16/11/2020,2163,43757,234,200046,550,
08/11/2020,2186,43772,245,200069,465,
30/10/2020,2304,43881,237,200016,545,
20/10/2020,2283,43850,235,200070,325,
04/10/2020,2253,43804,249,200060,400,
22/09/2020,2207,43746,240,200056,70,
30/11/2020,2210,43818,233,200085,425,
27/10/2020,2126,43700,234,200065,145,
17/09/2020,2254,43788,244,200073,1300,
26/10/2020,2291,43864,240,200054,15,
18/09/2020,2166,43701,249,200068,1100,
07/10/2020,2210,43764,233,200060,1630,
24/09/2020,2134,43675,243,200047,1020,
20/11/2020,2287,43885,235,200088,95,
21/09/2020,2266,43804,237,200026,285,
10/10/2020,2166,43723,249,200088,1390,
24/10/2020,2252,43823,241,200084,390,
30/10/2020,2174,43751,239,200069,680,
27/10/2020,2278,43852,230,200058,265,
20/09/2020,2296,43833,244,200065,925,
31/10/2020,2190,43768,234,200027,1195,
18/12/2020,2251,43877,235,200089,1465,
03/12/2020,2201,43812,233,200078,2275,
20/09/2020,2127,43664,233,200044,1135,
04/11/2020,2227,43809,243,200081,2520,
07/10/2020,2305,43859,243,200089,1240,
23/10/2020,2188,43758,248,200026,515,
07/10/2020,2180,43734,235,200045,1080,
17/10/2020,2139,43703,238,200067,1315,
09/11/2020,2154,43741,240,200085,170,
31/10/2020,2204,43782,241,200052,230,
27/10/2020,2181,43755,238,200055,155,
19/10/2020,2257,43823,245,200026,220,
31/10/2020,2284,43862,238,200026,610,
13/11/2020,2197,43788,241,200012,745,
11/11/2020,2309,43898,241,200069,960,
06/11/2020,2169,43753,238,200065,1125,
23/10/2020,2231,43801,239,200079,1595,
04/10/2020,2215,43766,241,200068,690,
15/10/2020,2130,43692,240,200065,1065,
20/10/2020,2135,43702,246,200083,115,
21/11/2020,2202,43801,247,200067,605,
06/10/2020,2306,43859,240,200082,20,
30/09/2020,2220,43767,243,200027,430,
13/10/2020,2283,43843,235,200056,230,
09/11/2020,2139,43726,238,200068,180,
28/10/2020,2124,43699,244,200079,760,
29/09/2020,2237,43783,229,200083,40,
07/11/2020,2227,43812,243,200069,1930,
28/09/2020,2294,43839,230,200057,170,
04/10/2020,2149,43700,235,200069,675,
06/10/2020,2206,43759,239,200071,240,
28/10/2020,2190,43765,234,200081,3740,
16/10/2020,2181,43744,238,200068,810,
25/10/2020,2317,43889,244,200068,400,
18/09/2020,2123,43658,238,200081,2270,
12/10/2020,2141,43700,250,200054,190,
05/11/2020,2216,43799,233,200081,2760,
27/09/2020,2219,43763,245,200070,1000,
20/11/2020,2202,43800,247,200073,970,
27/09/2020,2310,43854,242,200026,405,
26/10/2020,2157,43730,232,200066,20,
29/09/2020,2293,43839,242,200079,120,
15/10/2020,2181,43743,238,200079,645,
23/11/2020,2310,43911,242,200081,525,
27/10/2020,2196,43770,242,200066,275,
25/09/2020,2264,43806,237,200066,1085,
11/10/2020,2144,43702,238,200055,565,
03/10/2020,2232,43782,240,200054,970,
08/10/2020,2191,43746,239,200081,375,
26/09/2020,2192,43735,231,200056,1045,
04/10/2020,2190,43741,234,200054,1540,
08/10/2020,2284,43839,238,200083,1070,
03/10/2020,2128,43678,237,200069,1175,
19/10/2020,2260,43826,236,200060,335,
21/09/2020,2275,43813,241,200066,35,
15/11/2020,2238,43831,241,200060,170,
07/10/2020,2132,43686,240,200088,1035,
14/10/2020,2198,43759,240,200066,665,
12/10/2020,2184,43743,244,200074,130,
07/11/2020,2145,43730,242,200060,1380,
03/11/2020,2294,43875,230,200072,120,
21/10/2020,2134,43702,243,200060,2450,
27/09/2020,2202,43746,247,200072,1765,
04/10/2020,2308,43859,246,200055,260,
11/09/2020,2232,43760,240,200046,1505,
01/11/2020,2152,43731,237,200088,1740,
23/10/2020,2224,43794,243,200054,460,
06/10/2020,2127,43680,233,200054,320,
20/08/2020,2265,43771,235,200084,1535,
06/10/2020,2213,43766,232,200044,325,
10/09/2020,2247,43774,238,200083,845,
07/11/2020,2272,43857,236,200073,550,
14/09/2020,2171,43702,232,200069,160,
27/10/2020,2189,43763,244,200002,140,
27/09/2020,2260,43804,236,200059,1270,
22/10/2020,2283,43852,235,200057,1885,
13/10/2020,2183,43743,248,200074,385,
13/09/2020,2300,43830,240,200084,1790,
24/09/2020,2132,43673,240,200065,1205,
04/10/2020,2169,43720,238,200088,1185,
11/09/2020,2179,43707,239,200081,1035,
11/10/2020,2131,43689,240,200055,1605,
26/10/2020,2298,43871,242,200081,400,
26/09/2020,2291,43834,240,200046,1200,
18/11/2020,2186,43782,245,200067,1340,
19/10/2020,2149,43715,235,200002,90,
28/09/2020,2246,43791,233,200048,55,
29/09/2020,2136,43682,237,200066,275,
09/10/2020,2169,43725,238,200053,100,
11/09/2020,2263,43791,240,200085,1245,
14/09/2020,2289,43820,238,200072,225,
01/10/2020,2276,43824,245,200065,1245,
06/10/2020,2218,43771,238,200065,5,
21/09/2020,2224,43762,243,200046,435,
26/09/2020,2191,43734,239,200071,1145,
30/10/2020,2143,43720,237,200066,425,
26/09/2020,2142,43685,234,200053,1600,
07/09/2020,2293,43817,242,200088,220,
13/09/2020,2276,43806,245,200066,1370,
02/09/2020,2148,43667,244,200070,610,
28/08/2020,2291,43805,240,200085,1360,
08/09/2020,2249,43774,228,200069,210,
20/09/2020,2126,43663,234,200044,1735,
22/08/2020,2152,43660,237,200079,1350,
02/09/2020,2265,43784,235,200047,240,
18/09/2020,2299,43834,241,200043,1145,
11/09/2020,2219,43747,245,200002,535,
11/09/2020,2167,43695,249,200066,1435,
23/09/2020,2142,43682,234,200081,2230,
21/09/2020,2244,43782,240,200012,60,
25/09/2020,2215,43757,241,200047,350,
31/07/2020,2288,43774,248,200069,865,
18/09/2020,2184,43719,244,200066,415,
20/08/2020,2217,43723,230,200067,2050,
02/10/2020,2307,43856,238,200066,1075,
28/09/2020,2196,43741,242,200057,455,
07/09/2020,2214,43738,248,200068,140,
11/09/2020,2163,43691,234,200066,1480,
18/09/2020,2249,43784,228,200059,865,
02/08/2020,2284,43772,238,200081,1345,
07/09/2020,2176,43700,238,200059,370,
07/08/2020,2126,43619,234,200054,805,
19/09/2020,2266,43802,237,200027,1310,
01/09/2020,2149,43667,235,200073,270,
01/10/2020,2180,43728,235,200089,530,
07/10/2020,2157,43711,232,200067,215,
26/08/2020,2144,43656,238,200060,140,
10/10/2020,2217,43774,230,200066,590,
08/08/2020,2267,43761,238,200054,1015,
17/09/2020,2144,43678,238,200048,655,
01/11/2020,2197,43776,241,200069,710,
27/09/2020,2154,43698,240,200057,240,
19/08/2020,2196,43701,242,200074,1600,
25/09/2020,2295,43837,229,200079,475,
28/09/2020,2169,43714,238,200074,255,
21/08/2020,2311,43818,246,200074,1565,
20/08/2020,2174,43680,239,200055,905,
31/08/2020,2265,43782,235,200068,360,
10/09/2020,2126,43653,234,200088,1355,
22/08/2020,2190,43698,234,200012,1045,
28/08/2020,2276,43790,245,200026,260,
03/09/2020,2317,43837,244,200083,1205,
29/08/2020,2141,43656,250,200082,1590,
10/08/2020,2187,43683,239,200068,35,
17/09/2020,2250,43784,236,200065,305,
17/09/2020,2196,43730,242,200079,1715,
19/09/2020,2177,43713,239,200066,1435,
19/09/2020,2172,43708,244,200054,1035,
19/08/2020,2170,43675,242,200082,850,
26/08/2020,2200,43712,230,200069,975,
29/09/2020,2189,43735,244,200045,440,
01/09/2020,2165,43683,233,200046,220,
08/09/2020,2197,43722,241,200067,135,
19/08/2020,2132,43637,240,200065,865,
27/09/2020,2136,43680,237,200047,490,
18/09/2020,2172,43707,244,200083,390,
20/08/2020,2211,43717,239,200044,375,
09/09/2020,2302,43828,236,200074,1195,
02/09/2020,2247,43766,238,200072,1145,
12/10/2020,2213,43772,232,200058,255,
22/09/2020,2131,43670,240,200045,350,
28/09/2020,2276,43821,245,200067,315,
01/10/2020,2217,43765,230,200073,1405,
23/08/2020,2127,43636,233,200089,705,
24/08/2020,2317,43827,244,200081,390,
07/08/2020,2238,43731,241,200043,895,
09/09/2020,2279,43805,238,200068,315,
22/09/2020,2131,43670,240,200089,155,
27/08/2020,2129,43642,235,200057,640,
21/09/2020,2131,43669,240,200002,275,
29/09/2020,2302,43848,236,200083,210,
14/08/2020,2190,43690,234,200056,1795,
18/09/2020,2306,43841,240,200070,540,
07/08/2020,2224,43717,243,200070,745,
15/09/2020,2208,43740,243,200047,300,
05/08/2020,2227,43718,243,200047,190,
03/09/2020,2274,43794,250,200072,1050,
13/08/2020,2315,43814,245,200072,920,
31/08/2020,2254,43771,244,200081,510,
08/10/2020,2213,43768,232,200052,580,
06/08/2020,2225,43717,233,200066,1040,
13/07/2020,2147,43615,231,200060,230,
29/08/2020,2124,43639,244,200046,610,
07/08/2020,2254,43747,244,200047,1380,
23/08/2020,2163,43672,234,200048,1390,
24/07/2020,2258,43737,236,200074,560,
05/09/2020,2143,43665,237,200065,1420,
04/09/2020,2128,43649,237,200012,340,
23/08/2020,2183,43692,248,200054,1030,
26/08/2020,2292,43804,245,200066,855,
15/08/2020,2170,43671,242,200081,1265,
02/07/2020,2305,43762,243,200068,845,
09/07/2020,2240,43704,238,200066,1240,
31/08/2020,2264,43781,237,200079,300,
07/08/2020,2183,43676,248,200068,1150,
12/09/2020,2303,43832,247,200070,350,
03/08/2020,2313,43802,248,200027,135,
06/08/2020,2243,43735,245,200081,80,
10/09/2020,2232,43759,240,200016,750,
21/08/2020,2202,43709,247,200026,550,
07/08/2020,2158,43651,242,200079,440,
25/08/2020,2131,43642,240,200073,475,
22/08/2020,2174,43682,239,200069,655,
12/09/2020,2176,43705,238,200067,720,
03/09/2020,2236,43756,250,200054,320,
10/09/2020,2203,43730,232,200054,45,
24/08/2020,2245,43755,240,200067,285,
21/07/2020,2171,43647,232,200082,70,
19/07/2020,2179,43653,239,200088,1045,
18/08/2020,2232,43736,240,200047,185,
13/08/2020,2133,43632,236,200079,720,
17/07/2020,2217,43689,230,200089,1310,
28/08/2020,2181,43695,238,200073,1245,
04/08/2020,2166,43656,249,200047,170,
26/08/2020,2238,43750,241,200067,600,
29/08/2020,2251,43766,235,200055,1025,
13/08/2020,2134,43633,243,200068,2020,
18/08/2020,2132,43636,240,200012,120,
19/07/2020,2214,43688,248,200054,980,
15/08/2020,2312,43813,228,200065,710,
25/07/2020,2256,43736,237,200070,870,
07/07/2020,2232,43694,240,200078,425,
28/07/2020,2266,43749,237,200047,215,
30/07/2020,2180,43665,235,200060,745,
15/08/2020,2126,43627,234,200088,880,
28/08/2020,2317,43831,244,200047,775,
31/08/2020,2251,43768,235,200055,350,
17/08/2020,2314,43817,237,200069,230,
02/07/2020,2124,43581,244,200083,640,
15/08/2020,2217,43718,230,200089,1265,
15/07/2020,2166,43636,249,200073,425,
07/09/2020,2261,43785,241,200069,290,
14/07/2020,2202,43671,247,200052,330,
14/09/2020,2285,43816,237,200053,345,
27/07/2020,2127,43609,233,200047,75,
20/06/2020,2186,43631,245,200070,1515,
06/07/2020,2230,43691,240,200026,120,
17/06/2020,2259,43701,238,200016,465,
06/07/2020,2127,43588,233,200071,335,
17/07/2020,2284,43756,238,200052,1540,
25/07/2020,2303,43783,247,200054,670,
05/08/2020,2255,43746,238,200067,265,
29/08/2020,2248,43763,250,200073,50,
28/07/2020,2297,43780,238,200069,80,
09/09/2020,2169,43695,238,200055,710,
18/06/2020,2170,43613,242,200060,1180,
24/07/2020,2201,43680,233,200072,1260,
15/08/2020,2264,43765,237,200088,1310,
10/08/2020,2281,43777,242,200059,35,
07/07/2020,2263,43725,240,200082,160,
30/06/2020,2224,43679,243,200027,225,
19/08/2020,2284,43789,238,200070,375,
22/08/2020,2139,43647,238,200089,100,
12/08/2020,2159,43657,246,200055,850,
09/08/2020,2195,43690,241,200059,1210,
11/07/2020,2177,43643,239,200065,1340,
18/07/2020,2169,43642,238,200089,800,
08/08/2020,2221,43715,247,200070,770,
22/06/2020,2224,43671,243,200056,170,
16/07/2020,2166,43637,249,200054,875,
19/06/2020,2181,43625,238,200068,1080,
13/08/2020,2257,43756,245,200069,770,
01/07/2020,2196,43652,242,200016,1170,
23/07/2020,2150,43628,240,200068,925,
02/08/2020,2202,43690,247,200045,1750,
08/08/2020,2257,43751,245,200054,225,
20/07/2020,2195,43670,241,200056,200,
07/08/2020,2195,43688,241,200071,1260,
06/08/2020,2204,43696,241,200058,710,
01/07/2020,2163,43619,234,200067,1195,
27/07/2020,2253,43735,249,200066,50,
20/08/2020,2270,43776,237,200069,990,
18/07/2020,2217,43690,230,200088,1380,
07/07/2020,2250,43712,236,200055,325,
07/08/2020,2282,43775,239,200074,430,
07/06/2020,2219,43651,245,200054,1105,
21/06/2020,2289,43735,238,200055,950,
18/07/2020,2216,43689,233,200046,615,
23/06/2020,2224,43672,243,200065,190,
22/06/2020,2196,43643,242,200066,300,
09/08/2020,2155,43650,246,200054,990,
15/07/2020,2163,43633,234,200047,620,
12/07/2020,2167,43634,249,200088,865,
16/06/2020,2246,43687,233,200054,440,
25/07/2020,2238,43718,241,200053,845,
13/07/2020,2196,43664,242,200052,165,
05/07/2020,2126,43586,234,200058,1610,
13/07/2020,2213,43681,232,200088,190,
14/08/2020,2245,43745,240,200065,1505,
16/06/2020,2183,43624,248,200069,180,
29/06/2020,2228,43682,229,200067,270,
01/07/2020,2304,43760,237,200057,885,
22/06/2020,2314,43761,237,200059,240,
03/07/2020,2168,43626,234,200073,1770,
15/06/2020,2269,43709,239,200068,205,
28/06/2020,2134,43587,243,200044,2015,
18/08/2020,2270,43774,237,200065,230,
12/07/2020,2225,43692,233,200048,100,
23/07/2020,2241,43719,242,200055,1070,
30/07/2020,2247,43732,238,200082,610,
19/07/2020,2273,43747,242,200068,245,
13/07/2020,2123,43591,238,200047,310,
07/07/2020,2283,43745,235,200070,290,
26/05/2020,2283,43703,235,200026,95,
18/08/2020,2183,43687,248,200083,485,
18/05/2020,2265,43677,235,200073,340,
17/06/2020,2274,43716,250,200066,1320,
03/08/2020,2229,43718,245,200069,235,
25/07/2020,2269,43749,239,200055,1020,
09/06/2020,2123,43557,238,200046,390,
09/08/2020,2141,43636,250,200060,740,
15/07/2020,2131,43601,240,200065,1380,
04/07/2020,2266,43725,237,200055,1170,
27/07/2020,2166,43648,249,200070,290,
06/08/2020,2312,43804,228,200047,1915,
12/07/2020,2181,43648,238,200054,1095,
11/08/2020,2274,43771,250,200068,130,
02/07/2020,2173,43630,240,200066,35,
02/07/2020,2190,43647,234,200066,1880,
14/06/2020,2305,43744,243,200054,570,
03/07/2020,2260,43718,236,200065,505,
07/06/2020,2253,43685,249,200002,200,
19/06/2020,2133,43577,236,200067,790,
18/07/2020,2257,43730,245,200069,860,
29/07/2020,2292,43776,245,200043,310,
12/07/2020,2173,43640,240,200085,85,
20/06/2020,2172,43617,244,200059,1160,
03/06/2020,2216,43644,233,200026,505,
13/06/2020,2228,43666,229,200088,1120,
25/07/2020,2166,43646,249,200053,640,
16/06/2020,2190,43631,234,200069,415,
11/07/2020,2232,43698,240,200068,750,
01/07/2020,2279,43735,238,200057,55,
17/06/2020,2133,43575,236,200073,1150,
04/07/2020,2180,43639,235,200074,585,
08/08/2020,2149,43643,235,200069,1090,
20/06/2020,2289,43734,238,200016,950,
10/07/2020,2188,43653,248,200060,1285,
01/07/2020,2250,43706,236,200066,875,
17/07/2020,2244,43716,240,200073,1045,
11/06/2020,2245,43681,240,200083,1235,
23/07/2020,2149,43627,235,200016,640,
05/07/2020,2192,43652,231,200071,195,
10/08/2020,2190,43686,234,200055,395,
15/07/2020,2296,43766,244,200088,1980,
25/07/2020,2131,43611,240,200026,650,
03/07/2020,2160,43618,231,200067,620,
26/06/2020,2126,43577,234,200056,1350,
12/08/2020,2139,43637,238,200060,850,
11/05/2020,2290,43695,236,200053,75,
27/06/2020,2236,43688,250,200054,930,
09/07/2020,2132,43596,240,200055,430,
14/07/2020,2286,43755,237,200071,180,
02/07/2020,2158,43615,242,200088,150,
29/06/2020,2212,43666,249,200045,50,
15/07/2020,2161,43631,239,200068,885,
26/07/2020,2127,43608,233,200057,1105,
04/06/2020,2134,43563,243,200060,1255,
21/06/2020,2163,43609,234,200071,905,
27/06/2020,2283,43735,235,200065,1990,
02/06/2020,2213,43640,232,200047,280,
17/06/2020,2283,43725,235,200043,1035,
12/07/2020,2163,43630,234,200067,1050,
17/06/2020,2305,43747,243,200047,455,
08/07/2020,2231,43694,239,200055,1545,
04/07/2020,2293,43752,242,200057,785,
28/06/2020,2202,43655,247,200053,1060,
19/08/2020,2150,43655,240,200026,730,
20/06/2020,2279,43724,238,200060,170,
18/04/2020,2298,43680,242,200065,1355,
24/06/2020,2183,43632,248,200073,740,
18/06/2020,2224,43667,243,200073,900,
17/06/2020,2181,43623,238,200002,555,
11/06/2020,2130,43566,240,200027,1005,
30/06/2020,2224,43679,243,200052,70,
10/06/2020,2246,43681,233,200089,1330,
05/06/2020,2285,43715,237,200081,2350,
19/05/2020,2148,43561,244,200073,245,
18/06/2020,2283,43726,235,200072,1015,
26/05/2020,2311,43731,246,200084,310,
20/06/2020,2273,43718,242,200070,1000,
10/07/2020,2313,43778,248,200069,1260,
04/07/2020,2230,43689,240,200048,950,
24/06/2020,2192,43641,231,200074,705,
28/06/2020,2277,43730,237,200089,205,
19/06/2020,2197,43641,241,200045,885,
26/05/2020,2315,43735,245,200069,120,
03/07/2020,2172,43630,244,200070,1205,
08/06/2020,2177,43610,239,200084,135,
18/06/2020,2259,43702,238,200082,340,
31/07/2020,2126,43612,234,200079,935,
12/06/2020,2177,43614,239,200082,710,
09/06/2020,2136,43570,237,200083,105,
05/06/2020,2143,43573,237,200069,1055,
08/06/2020,2187,43620,239,200079,30,
17/06/2020,2230,43672,240,200084,390,
05/06/2020,2298,43728,242,200069,150,
26/05/2020,2160,43580,231,200068,385,
22/05/2020,2258,43674,236,200043,1200,
23/06/2020,2170,43618,242,200069,170,
25/05/2020,2221,43640,247,200069,220,
19/06/2020,2129,43573,235,200065,695,
21/06/2020,2182,43628,244,200083,765,
02/06/2020,2302,43729,236,200060,105,
28/06/2020,2164,43617,244,200066,795,
03/06/2020,2265,43693,235,200073,820,
01/05/2020,2238,43633,241,200082,820,
27/06/2020,2248,43700,250,200054,10,
10/06/2020,2197,43632,241,200081,2500,
19/06/2020,2220,43664,243,200088,1175,
20/06/2020,2152,43597,237,200056,1950,
27/05/2020,2210,43631,233,200070,655,
28/05/2020,2229,43651,245,200083,1180,
12/05/2020,2155,43561,246,200071,365,
06/07/2020,2317,43778,244,200016,275,
23/06/2020,2271,43719,244,200068,145,
16/06/2020,2166,43607,249,200054,130,
13/06/2020,2159,43597,246,200057,1185,
09/05/2020,2254,43657,244,200012,530,
08/06/2020,2190,43623,234,200079,320,
16/06/2020,2151,43592,240,200060,40,
25/06/2020,2140,43590,233,200059,1045,
23/05/2020,2167,43584,249,200026,1180,
24/05/2020,2304,43722,237,200066,1400,
01/07/2020,2190,43646,234,200073,1565,
12/04/2020,2128,43504,237,200071,715,
20/05/2020,2181,43595,238,200069,545,
03/05/2020,2188,43585,248,200045,595,
16/06/2020,2263,43704,240,200044,275,
05/06/2020,2288,43718,248,200074,770,
29/05/2020,2213,43636,232,200060,1880,
30/04/2020,2276,43670,245,200026,845,
20/06/2020,2259,43704,238,200067,410,
09/05/2020,2265,43668,235,200046,980,
17/06/2020,2229,43671,245,200069,485,
02/06/2020,2174,43601,239,200082,155,
26/05/2020,2187,43607,239,200068,5,
08/06/2020,2313,43746,248,200053,310,
19/06/2020,2203,43647,232,200056,1115,
04/06/2020,2123,43552,238,200060,430,
10/05/2020,2302,43706,236,200071,1470,
17/05/2020,2256,43667,237,200060,385,
05/05/2020,2228,43627,229,200065,15,
05/05/2020,2191,43590,239,200026,5,
11/05/2020,2150,43555,240,200089,200,
20/05/2020,2248,43662,250,200083,240,
27/04/2020,2276,43667,245,200067,60,
08/05/2020,2289,43691,238,200073,415,
23/05/2020,2245,43662,240,200073,1605,
19/05/2020,2256,43669,237,200055,20,
30/06/2020,2258,43713,236,200088,205,
26/05/2020,2191,43611,239,200072,305,
14/05/2020,2266,43674,237,200065,1335,
18/05/2020,2300,43712,240,200026,165,
21/05/2020,2215,43630,241,200067,405,
22/04/2020,2316,43702,241,200081,100,
21/05/2020,2292,43707,245,200002,275,
13/06/2020,2202,43640,247,200047,1335,
12/06/2020,2307,43744,238,200047,1450,
14/05/2020,2140,43548,233,200055,625,
05/06/2020,2123,43553,238,200089,1550,
29/05/2020,2232,43655,240,200065,1950,
30/05/2020,2212,43636,249,200055,105,
24/04/2020,2271,43659,244,200060,685,
13/05/2020,2317,43724,244,200078,905,
19/05/2020,2183,43596,248,200068,350,
18/04/2020,2289,43671,238,200073,1165,
26/05/2020,2272,43692,236,200088,25,
28/04/2020,2285,43677,237,200089,165,
25/05/2020,2195,43614,241,200071,285,
03/05/2020,2176,43573,238,200069,520,
13/05/2020,2238,43645,241,200069,555,
21/05/2020,2213,43628,232,200084,855,
07/05/2020,2248,43649,250,200053,360,
04/05/2020,2261,43659,241,200060,70,
25/05/2020,2289,43708,238,200088,70,
11/05/2020,2294,43699,230,200082,110,
25/05/2020,2234,43653,239,200069,355,
29/04/2020,2153,43546,237,200043,915,
30/04/2020,2317,43711,244,200058,815,
29/04/2020,2152,43545,237,200067,1665,
09/05/2020,2245,43648,240,200068,1915,
04/05/2020,2146,43544,236,200085,60,
10/05/2020,2191,43595,239,200074,945,
09/05/2020,2285,43688,237,200073,680,
05/06/2020,2215,43645,241,200047,500,
12/05/2020,2251,43657,235,200043,245,
21/04/2020,2178,43563,237,200052,100,
20/04/2020,2139,43523,238,200071,260,
11/04/2020,2304,43679,237,200012,650,
19/04/2020,2127,43510,233,200027,50,
16/04/2020,2225,43605,233,200012,240,
20/03/2020,2268,43621,241,200071,660,
16/04/2020,2266,43646,237,200072,75,
27/04/2020,2177,43568,239,200073,195,
30/05/2020,2163,43587,234,200069,755,
14/05/2020,2300,43708,240,200079,905,
13/05/2020,2172,43579,244,200066,675,
18/04/2020,2293,43675,242,200088,890,
02/05/2020,2245,43641,240,200052,1325,
16/04/2020,2286,43666,237,200069,765,
11/05/2020,2254,43659,244,200053,385,
09/05/2020,2239,43642,250,200059,660,
13/05/2020,2141,43548,250,200002,960,
13/03/2020,2305,43651,243,200065,1515,
10/05/2020,2139,43543,238,200055,995,
03/04/2020,2201,43568,233,200065,25,
03/06/2020,2122,43550,237,200074,1320,
17/04/2020,2285,43666,237,200072,965,
26/04/2020,2155,43545,246,200082,2030,
17/06/2020,2213,43655,232,200059,1255,
14/05/2020,2292,43700,245,200065,1155,
13/05/2020,2203,43610,232,200088,960,
12/04/2020,2271,43647,244,200047,300,
25/05/2020,2122,43541,237,200070,35,
03/04/2020,2202,43569,247,200066,740,
06/05/2020,2176,43576,238,200074,875,
04/05/2020,2214,43612,248,200047,45,
05/06/2020,2314,43744,237,200058,630,
19/05/2020,2185,43598,236,200088,160,
10/04/2020,2217,43591,230,200065,1290,
10/04/2020,2184,43558,244,200067,630,
20/05/2020,2283,43697,235,200074,1315,
06/05/2020,2126,43526,234,200053,675,
17/05/2020,2263,43674,240,200084,430,
28/05/2020,2182,43604,244,200081,965,
06/04/2020,2288,43658,248,200012,125,
09/04/2020,2168,43541,234,200088,765,
19/04/2020,2191,43574,239,200054,1210,
10/05/2020,2154,43558,240,200055,960,
12/03/2020,2196,43541,242,200088,1320,
02/05/2020,2268,43664,241,200055,1340,
29/04/2020,2208,43601,243,200089,660,
27/03/2020,2138,43498,243,200067,25,
28/03/2020,2147,43508,231,200047,325,
25/04/2020,2277,43666,237,200052,865,
26/04/2020,2286,43676,237,200059,1390,
19/04/2020,2269,43652,239,200069,1670,
05/04/2020,2283,43652,235,200066,1495,
04/03/2020,2152,43489,237,200057,1540,
13/05/2020,2274,43681,250,200084,875,
07/05/2020,2185,43586,236,200066,215,
22/04/2020,2258,43644,236,200026,245,
11/05/2020,2169,43574,238,200083,375,
04/06/2020,2141,43570,250,200070,430,
22/05/2020,2197,43613,241,200085,1395,
22/04/2020,2134,43520,243,200068,500,
07/05/2020,2177,43578,239,200046,470,
22/04/2020,2265,43651,235,200066,1195,
03/05/2020,2131,43528,240,200069,1260,
16/04/2020,2246,43626,233,200085,800,
02/05/2020,2258,43654,236,200083,815,
15/05/2020,2216,43625,233,200002,425,
04/05/2020,2267,43665,238,200081,360,
25/05/2020,2302,43721,236,200054,70,
20/05/2020,2279,43693,238,200082,270,
08/04/2020,2149,43521,235,200053,365,
01/04/2020,2133,43498,236,200047,1380,
01/04/2020,2266,43631,237,200081,375,
16/03/2020,2257,43606,245,200089,220,
22/03/2020,2307,43662,238,200073,1220,
04/03/2020,2229,43566,245,200055,465,
28/03/2020,2155,43516,246,200055,1000,
27/03/2020,2205,43565,245,200065,235,
12/05/2020,2192,43598,231,200072,45,
20/04/2020,2256,43640,237,200083,35,
24/03/2020,2289,43646,238,200074,45,
23/04/2020,2227,43614,243,200065,885,
07/03/2020,2202,43542,247,200066,1795,
10/05/2020,2298,43702,242,200012,320,
05/04/2020,2135,43504,246,200012,795,
11/05/2020,2221,43626,247,200067,310,
25/02/2020,2133,43463,236,200053,1340,
14/04/2020,2141,43519,250,200060,290,
09/05/2020,2269,43672,239,200053,1210,
14/05/2020,2271,43679,244,200085,885,
25/04/2020,2244,43633,240,200069,1105,
19/04/2020,2169,43552,238,200068,1075,
13/05/2020,2284,43691,238,200048,1615,
24/04/2020,2285,43673,237,200082,480,
11/05/2020,2182,43587,244,200060,320,
14/04/2020,2292,43670,245,200058,205,
26/03/2020,2234,43593,239,200060,940,
03/04/2020,2270,43637,237,200012,550,
16/04/2020,2134,43514,243,200054,1455,
22/04/2020,2284,43670,238,200078,1195,
07/04/2020,2317,43688,244,200055,180,
31/03/2020,2310,43674,242,200069,95,
18/04/2020,2132,43514,240,200084,730,
07/04/2020,2231,43602,239,200055,150,
11/04/2020,2156,43531,238,200059,1610,
27/03/2020,2171,43531,232,200085,375,
27/03/2020,2266,43626,237,200074,1420,
11/04/2020,2202,43577,247,200068,1250,
04/03/2020,2165,43502,233,200054,430,
12/03/2020,2246,43591,233,200055,930,
21/03/2020,2139,43493,238,200065,485,
22/04/2020,2300,43686,240,200054,1420,
03/04/2020,2213,43580,232,200089,630,
31/03/2020,2238,43602,241,200046,155,
31/03/2020,2231,43595,239,200084,50,
24/02/2020,2209,43538,248,200067,65,
28/04/2020,2248,43640,250,200069,225,
31/03/2020,2317,43681,244,200060,190,
24/03/2020,2286,43643,237,200012,175,
09/04/2020,2134,43507,243,200067,1085,
24/04/2020,2242,43630,240,200088,1620,
22/03/2020,2193,43548,242,200073,570,
28/01/2020,2196,43498,242,200046,900,
25/02/2020,2196,43526,242,200081,1135,
18/03/2020,2291,43642,240,200089,880,
09/03/2020,2264,43606,237,200070,260,
22/02/2020,2140,43467,233,200066,990,
13/04/2020,2294,43671,230,200089,265,
26/02/2020,2166,43497,249,200059,1000,
16/03/2020,2139,43488,238,200066,270,
07/05/2020,2140,43541,233,200067,595,
29/03/2020,2147,43509,231,200002,860,
19/02/2020,2283,43607,235,200065,1295,
18/03/2020,2196,43547,242,200002,1285,
28/02/2020,2184,43517,244,200016,580,
03/05/2020,2142,43539,234,200083,530,
01/04/2020,2240,43605,238,200067,620,
11/03/2020,2265,43609,235,200083,1150,
25/03/2020,2196,43554,242,200070,170,
22/03/2020,2123,43478,238,200058,465,
02/04/2020,2163,43529,234,200065,1000,
23/04/2020,2290,43677,236,200060,1530,
11/04/2020,2303,43678,247,200054,400,
09/04/2020,2224,43597,243,200027,255,
07/04/2020,2202,43573,247,200079,240,
23/04/2020,2161,43548,239,200088,195,
14/03/2020,2210,43557,233,200073,375,
11/03/2020,2134,43478,243,200066,1320,
28/02/2020,2126,43459,234,200055,315,
13/03/2020,2126,43472,234,200073,815,
09/03/2020,2245,43587,240,200054,175,
24/03/2020,2154,43511,240,200071,95,
23/04/2020,2283,43670,235,200073,1420,
19/03/2020,2132,43484,240,200045,1235,
27/03/2020,2266,43626,237,200073,515,
22/02/2020,2289,43616,238,200081,250,
24/03/2020,2272,43629,236,200068,130,
22/03/2020,2277,43632,237,200072,625,
21/03/2020,2274,43628,250,200085,650,
20/03/2020,2152,43505,237,200065,855,
18/03/2020,2176,43527,238,200059,280,
17/04/2020,2315,43696,245,200069,675,
22/03/2020,2284,43639,238,200067,495,
27/03/2020,2315,43675,245,200047,965,
22/02/2020,2307,43634,238,200059,220,
28/02/2020,2220,43553,243,200071,395,
23/03/2020,2207,43563,240,200054,80,
25/02/2020,2264,43594,237,200045,1080,
06/03/2020,2130,43469,240,200073,600,
28/02/2020,2254,43587,244,200081,1095,
02/03/2020,2167,43502,249,200082,330,
09/03/2020,2148,43490,244,200069,150,
06/04/2020,2217,43587,230,200079,420,
15/04/2020,2317,43696,244,200079,260,
21/02/2020,2305,43631,243,200071,1145,
16/03/2020,2207,43556,240,200066,110,
10/03/2020,2203,43546,232,200046,85,
02/02/2020,2195,43502,241,200057,280,
14/03/2020,2232,43579,240,200070,1975,
20/03/2020,2310,43663,242,200016,200,
20/02/2020,2170,43495,242,200089,1935,
22/02/2020,2235,43562,242,200078,800,
25/03/2020,2265,43623,235,200067,760,
21/01/2020,2234,43529,239,200072,515,
05/04/2020,2164,43533,244,200045,1725,
18/03/2020,2293,43644,242,200052,900,
08/03/2020,2203,43544,232,200066,980,
13/03/2020,2183,43529,248,200002,585,
17/02/2020,2160,43482,231,200066,150,
02/03/2020,2278,43613,230,200026,200,
02/04/2020,2189,43555,244,200078,675,
16/03/2020,2296,43645,244,200078,300,
07/02/2020,2307,43619,238,200055,870,
24/02/2020,2173,43502,240,200046,170,
26/03/2020,2241,43600,242,200067,1130,
02/03/2020,2150,43485,240,200073,85,
27/03/2020,2221,43581,247,200057,1650,
26/03/2020,2209,43568,248,200055,460,
08/04/2020,2128,43500,237,200052,635,
19/03/2020,2180,43532,235,200083,1285,
01/03/2020,2282,43616,239,200078,545,
20/03/2020,2227,43580,243,200060,1830,
06/04/2020,2306,43676,240,200055,60,
15/02/2020,2292,43612,245,200089,1130,
10/03/2020,2302,43645,236,200069,215,
22/02/2020,2161,43488,239,200079,620,
22/03/2020,2216,43571,233,200046,590,
18/04/2020,2279,43661,238,200066,265,
01/04/2020,2219,43584,245,200016,395,
22/02/2020,2214,43541,248,200060,980,
21/02/2020,2170,43496,242,200082,1515,
17/02/2020,2125,43447,241,200002,5,
09/03/2020,2270,43612,237,200012,100,
04/02/2020,2230,43539,240,200065,120,
08/03/2020,2211,43552,239,200067,355,
18/03/2020,2217,43568,230,200067,1095,
09/02/2020,2291,43605,240,200026,175,
16/03/2020,2145,43494,242,200070,115,
25/02/2020,2134,43464,243,200079,320,
18/03/2020,2230,43581,240,200069,780,
09/02/2020,2246,43560,233,200079,220,
02/03/2020,2307,43642,238,200083,225,
11/03/2020,2122,43466,237,200067,835,
23/01/2020,2245,43542,240,200089,1260,
28/03/2020,2202,43563,247,200069,875,
17/03/2020,2291,43641,240,200084,95,
25/02/2020,2164,43494,244,200043,510,
03/03/2020,2284,43620,238,200067,70,
02/04/2020,2264,43630,237,200066,1435,
21/02/2020,2127,43453,233,200054,15,
12/03/2020,2202,43547,247,200069,1440,
10/02/2020,2200,43515,230,200088,175,
05/03/2020,2296,43634,244,200083,1375,
16/03/2020,2248,43597,250,200055,180,
28/01/2020,2315,43617,245,200060,420,
07/04/2020,2126,43497,234,200066,240,
18/02/2020,2152,43475,237,200084,1780,
18/03/2020,2187,43538,239,200026,385,
07/02/2020,2160,43472,231,200012,555,
30/03/2020,2190,43553,234,200069,320,
28/02/2020,2265,43598,235,200083,460,
20/03/2020,2298,43651,242,200067,215,
30/01/2020,2126,43430,234,200082,1410,
21/02/2020,2196,43522,242,200072,1580,
22/02/2020,2231,43558,239,200057,1595,
11/02/2020,2125,43441,241,200082,1415,
17/02/2020,2230,43552,240,200074,215,
16/03/2020,2139,43488,238,200081,560,
05/04/2020,2143,43512,237,200074,685,
28/02/2020,2244,43577,240,200078,465,
12/03/2020,2273,43618,242,200072,100,
03/03/2020,2290,43626,236,200060,65,
20/02/2020,2126,43451,234,200084,960,
12/02/2020,2245,43562,240,200071,955,
16/03/2020,2199,43548,237,200048,85,
11/02/2020,2296,43612,244,200054,1070,
11/02/2020,2302,43618,236,200082,800,
01/02/2020,2170,43476,242,200012,435,
01/03/2020,2260,43594,236,200047,510,
23/01/2020,2292,43589,245,200046,960,
02/04/2020,2134,43500,243,200065,1605,
06/03/2020,2134,43473,243,200047,805,
13/12/2021,2154,43410,240,200052,1895,
27/02/2020,2129,43461,235,200089,995,
16/02/2020,2300,43621,240,200066,130,
27/01/2020,2287,43588,235,200047,185,
13/02/2020,2152,43470,237,200084,455,
17/02/2020,2306,43628,240,200059,120,
09/01/2020,2183,43466,248,200079,1120,
05/01/2020,2258,43537,236,200043,235,
06/03/2020,2317,43656,244,200060,730,
13/03/2020,2232,43578,240,200060,1300,
05/03/2020,2190,43528,234,200069,1720,
25/02/2020,2314,43644,237,200079,680,
30/12/2021,2143,43416,237,200027,280,
24/03/2020,2288,43645,248,200067,115,
13/03/2020,2251,43597,235,200071,70,
13/03/2020,2175,43521,246,200081,55,
19/02/2020,2193,43517,242,200054,735,
24/01/2020,2125,43423,241,200026,240,
10/02/2020,2195,43510,241,200053,140,
18/02/2020,2272,43595,236,200070,15,
02/02/2020,2125,43432,241,200078,260,
24/02/2020,2299,43628,241,200054,260,
13/02/2020,2164,43482,244,200016,755,
17/02/2020,2172,43494,244,200067,225,
04/03/2020,2196,43533,242,200073,945,
14/01/2020,2152,43440,237,200055,1180,
09/03/2020,2196,43538,242,200067,230,
23/02/2020,2312,43640,228,200083,245,
06/03/2020,2229,43568,245,200088,1060,
15/12/2021,2208,43466,243,200058,70,
15/02/2020,2298,43618,242,200071,995,
24/02/2020,2171,43500,232,200069,25,
26/01/2020,2299,43599,241,200073,105,
31/01/2020,2140,43445,233,200088,405,
01/03/2020,2289,43623,238,200070,955,
08/01/2020,2260,43542,236,200056,945,
19/01/2020,2196,43489,242,200055,160,
25/02/2020,2265,43595,235,200027,720,
02/03/2020,2213,43548,232,200072,65,
06/02/2020,2286,43597,237,200065,400,
05/02/2020,2131,43441,240,200056,415,
25/01/2020,2265,43564,235,200056,705,
05/03/2020,2283,43621,235,200046,880,
02/02/2020,2133,43440,236,200070,50,y
07/04/2020,2186,43557,245,200065,260,y
01/02/2020,2196,43502,242,200055,1180,y
07/02/2020,2123,43435,238,200069,910,
01/02/2020,2285,43591,237,200066,1040,
09/01/2020,2189,43472,244,200045,1430,
07/03/2020,2177,43517,239,200056,985,y
30/01/2020,2216,43520,233,200083,1200,
20/12/2021,2183,43446,248,200082,1130,
11/03/2020,2314,43658,237,200071,1130,
11/01/2020,2152,43437,237,200089,1245,
23/01/2020,2238,43535,241,200055,625,
02/02/2020,2157,43464,232,200060,130,
30/01/2020,2164,43468,244,200026,735,
10/01/2020,2258,43542,236,200047,265,y
18/03/2020,2160,43511,231,200026,760,
22/12/2021,2183,43448,248,200069,85,
07/01/2020,2298,43579,242,200068,1115,
02/01/2020,2210,43486,233,200083,820,
26/01/2020,2141,43441,250,200068,30,
07/01/2020,2254,43535,244,200056,715,y
08/03/2020,2261,43602,241,200065,810,
29/01/2020,2128,43431,237,200067,310,y
17/02/2020,2214,43536,248,200026,145,
02/01/2020,2292,43568,245,200060,1060,
16/01/2020,2189,43479,244,200084,510,
20/02/2020,2144,43469,238,200056,140,
10/02/2020,2133,43448,236,200054,360,
22/01/2020,2310,43606,242,200056,615,
04/01/2020,2169,43447,238,200074,970,
31/01/2020,2177,43482,239,200067,570,
14/02/2020,2220,43539,243,200088,1050,
21/01/2020,2265,43560,235,200069,765,
29/01/2020,2297,43600,238,200026,405,
12/02/2020,2213,43530,232,200069,1085,
22/01/2020,2184,43480,244,200069,650,
26/12/2021,2312,43581,228,200072,2005,
12/12/2021,2234,43489,239,200083,3340,
12/01/2020,2145,43431,242,200054,60,
19/02/2020,2226,43550,237,200066,620,
20/12/2021,2288,43551,248,200044,95,
18/01/2020,2170,43462,242,200066,115,
19/12/2021,2184,43446,244,200088,1045,
25/01/2020,2183,43482,248,200069,740,
20/01/2020,2219,43513,245,200068,205,
23/01/2020,2183,43480,248,200084,685,
28/01/2020,2261,43563,241,200066,725,
28/11/2021,2252,43493,241,200054,925,
13/01/2020,2216,43503,233,200089,160,
16/01/2020,2210,43500,233,200074,585,y
30/12/2021,2180,43453,235,200060,510,
05/02/2020,2130,43440,240,200067,415,
06/02/2020,2222,43533,238,200069,1260,
10/02/2020,2253,43568,249,200002,145,
21/01/2020,2190,43485,234,200055,1155,y
26/01/2020,2161,43461,239,200079,165,
05/01/2020,2255,43534,238,200070,100,
07/01/2020,2254,43535,244,200026,585,
22/12/2021,2277,43542,237,200048,365,
14/01/2020,2217,43505,230,200089,1125,
07/01/2020,2151,43432,240,200089,15,y
30/01/2020,2234,43538,239,200047,1425,
12/01/2020,2159,43445,246,200054,115,y
27/12/2021,2157,43427,232,200085,970,
09/01/2020,2285,43568,237,200054,600,
26/01/2020,2276,43576,245,200054,180,
16/01/2020,2254,43544,244,200085,730,
09/02/2020,2152,43466,237,200081,315,
01/02/2020,2194,43500,232,200085,90,
27/12/2021,2264,43534,237,200070,2630,
03/01/2020,2242,43519,240,200072,1455,
05/01/2020,2182,43461,244,200057,220,
17/01/2020,2157,43448,232,200072,395,
30/12/2021,2222,43495,238,200088,245,
18/12/2021,2266,43527,237,200065,2755,
29/12/2021,2168,43440,234,200071,445,
07/01/2020,2125,43406,241,200081,1785,
25/01/2020,2180,43479,235,200002,420,
18/01/2020,2221,43513,247,200067,500,
09/12/2021,2130,43382,240,200081,420,
17/02/2020,2270,43592,237,200060,110,
13/12/2021,2289,43545,238,200069,1690,
30/12/2021,2235,43508,242,200055,140,
05/01/2020,2221,43500,247,200060,240,
19/01/2020,2146,43439,236,200016,130,
08/01/2020,2296,43578,244,200027,915,
31/12/2021,2292,43566,245,200071,1395,
10/01/2020,2265,43549,235,200082,430,
05/01/2020,2177,43456,239,200043,125,
06/12/2021,2180,43429,235,200056,325,
29/11/2021,2283,43525,235,200069,1550,y
30/12/2021,2277,43550,237,200060,420,
05/01/2020,2167,43446,249,200055,190,
09/01/2020,2281,43564,242,200082,380,
20/01/2020,2170,43464,242,200074,160,
05/01/2020,2141,43420,250,200073,120,
24/12/2021,2143,43410,237,200002,145,
26/12/2021,2307,43576,238,200081,2820,
15/12/2021,2196,43454,242,200079,555,y
07/12/2021,2182,43432,244,200045,1410,
08/01/2020,2278,43560,230,200002,435,
17/01/2020,2169,43460,238,200026,430,
09/12/2021,2251,43503,235,200065,540,
01/01/2020,2128,43403,237,200071,650,y
24/12/2021,2207,43474,240,200060,155,
04/01/2020,2309,43587,241,200073,480,
20/12/2021,2147,43410,231,200071,1740,y
29/01/2020,2143,43446,237,200055,430,
25/12/2021,2229,43497,245,200069,1100,
16/01/2020,2145,43435,242,200065,685,
14/01/2020,2315,43603,245,200044,815,
29/12/2021,2205,43477,245,200074,230,
17/01/2020,2285,43576,237,200073,1485,
31/12/2021,2297,43571,238,200069,65,
24/01/2020,2145,43443,242,200073,470,
27/12/2021,2214,43484,248,200054,2340,
09/12/2021,2195,43447,241,200057,410,
08/12/2021,2163,43414,234,200069,645,
10/12/2021,2236,43489,250,200079,1270,
18/01/2020,2316,43608,241,200068,315,
15/12/2021,2203,43461,232,200066,325,
22/12/2021,2125,43390,241,200053,440,
26/01/2020,2171,43471,232,200072,255,
22/12/2021,2225,43490,233,200082,485,
05/01/2020,2170,43449,242,200057,20,y
10/01/2020,2183,43467,248,200079,575,
23/12/2021,2172,43438,244,200065,755,
27/01/2020,2286,43587,237,200059,305,
04/01/2020,2166,43444,249,200072,930,
05/01/2020,2277,43556,237,200054,425,
04/01/2020,2241,43519,242,200082,935,
04/01/2020,2265,43543,235,200012,335,
01/01/2020,2180,43455,235,200084,1000,
19/12/2021,2197,43459,241,200068,500,y
01/01/2020,2290,43565,236,200078,930,
24/12/2021,2289,43556,238,200079,1780,
05/01/2020,2249,43528,228,200065,115,
04/12/2021,2180,43427,235,200060,2565,y
22/12/2021,2215,43480,241,200065,465,
14/12/2021,2180,43437,235,200089,1870,
15/01/2020,2156,43445,238,200081,205,
22/11/2021,2217,43452,230,200085,1475,
17/12/2021,2188,43448,248,200057,1990,
01/12/2021,2128,43372,237,200073,165,
18/12/2021,2160,43421,231,200083,860,
04/12/2021,2218,43465,238,200069,1350,y
08/01/2020,2251,43533,235,200055,710,
11/11/2021,2143,43367,237,200067,175,
11/12/2021,2244,43498,240,200085,780,y
14/12/2021,2217,43474,230,200026,1865,
27/11/2021,2128,43368,237,200072,1545,
15/12/2021,2242,43500,240,200074,580,
13/01/2020,2130,43417,240,200046,65,
07/12/2021,2231,43481,239,200055,1320,
24/12/2021,2247,43514,238,200069,1645,
28/12/2021,2245,43516,240,200082,1125,
21/12/2021,2309,43573,241,200069,680,
22/11/2021,2311,43546,246,200059,725,
07/12/2021,2229,43479,245,200074,1435,
15/11/2021,2131,43359,240,200056,365,
25/12/2021,2163,43431,234,200054,2835,
23/12/2021,2317,43583,244,200046,415,
13/12/2021,2170,43426,242,200055,1880,
04/01/2020,2229,43507,245,200048,515,
14/11/2021,2293,43520,242,200060,1395,
16/12/2021,2183,43442,248,200084,385,
01/11/2021,2133,43347,236,200043,1660,
20/12/2021,2135,43398,246,200016,1180,
16/12/2021,2218,43477,238,200027,280,
21/11/2021,2183,43417,248,200059,730,
05/12/2021,2239,43487,250,200088,415,
02/12/2021,2211,43456,239,200074,185,
08/12/2021,2285,43536,237,200055,525,y
08/12/2021,2129,43380,235,200002,285,
15/12/2021,2134,43392,243,200060,415,
24/11/2021,2284,43521,238,200078,95,
26/12/2021,2201,43470,233,200067,1140,
23/12/2021,2186,43452,245,200054,515,
19/12/2021,2269,43531,239,200058,1170,
24/12/2021,2163,43430,234,200054,1485,y
12/01/2020,2224,43510,243,200060,160,
23/11/2021,2143,43379,237,200012,35,
28/11/2021,2134,43375,243,200089,2060,
05/11/2021,2195,43413,241,200053,1370,
11/12/2021,2218,43472,238,200054,1575,
30/11/2021,2311,43554,246,200073,55,
13/11/2021,2248,43474,250,200068,1385,y
21/11/2021,2208,43442,243,200002,1130,
19/11/2021,2242,43474,240,200047,1695,
24/11/2021,2166,43403,249,200056,320,y
02/12/2021,2174,43419,239,200072,180,
22/11/2021,2175,43410,246,200067,955,
09/12/2021,2138,43390,243,200073,35,y
01/12/2021,2305,43549,243,200082,120,
15/11/2021,2302,43530,236,200067,1770,
24/12/2021,2196,43463,242,200089,2400,
21/11/2021,2192,43426,231,200066,1105,
15/12/2021,2222,43480,238,200074,420,
15/12/2021,2229,43487,245,200043,165,
21/12/2021,2296,43560,244,200060,1625,
04/01/2020,2231,43509,239,200027,835,
03/12/2021,2147,43393,231,200071,1360,
30/12/2021,2133,43406,236,200054,765,
19/11/2021,2153,43385,237,200068,665,
12/11/2021,2254,43479,244,200065,1880,
26/12/2021,2201,43470,233,200048,1960,
21/11/2021,2268,43502,241,200016,220,
09/11/2021,2133,43355,236,200067,1400,
09/11/2021,2291,43513,240,200053,430,
04/12/2021,2261,43508,241,200047,395,
11/12/2021,2145,43399,242,200044,550,
16/10/2021,2254,43452,244,200065,1135,
13/12/2021,2167,43423,249,200055,2680,
03/12/2021,2195,43441,241,200065,485,
18/11/2021,2131,43362,240,200069,160,
30/11/2021,2228,43471,229,200089,590,
26/11/2021,2168,43407,234,200044,1810,
22/11/2021,2297,43532,238,200046,275,
24/10/2021,2241,43447,242,200072,1100,
13/11/2021,2165,43391,233,200071,860,y
07/12/2021,2268,43518,241,200065,760,
12/11/2021,2222,43447,238,200045,680,
05/12/2021,2311,43559,246,200060,1465,
30/11/2021,2132,43375,240,200082,1410,y
30/11/2021,2311,43554,246,200073,860,
20/11/2021,2229,43462,245,200083,1165,
27/11/2021,2153,43393,237,200046,625,y
10/11/2021,2179,43402,239,200060,275,
11/11/2021,2272,43496,236,200067,185,
14/11/2021,2200,43427,230,200073,675,y
18/11/2021,2266,43497,237,200012,250,
05/12/2021,2288,43536,248,200073,1550,y
13/11/2021,2283,43509,235,200044,2040,
10/11/2021,2140,43363,233,200059,115,y
22/11/2021,2283,43518,235,200047,1435,
26/11/2021,2171,43410,232,200069,1395,
04/11/2021,2164,43381,244,200045,225,
11/10/2021,2250,43443,236,200088,1460,
25/11/2021,2282,43520,239,200053,140,
27/11/2021,2171,43411,232,200074,970,y
06/11/2021,2307,43526,238,200067,1060,
04/11/2021,2136,43353,237,200081,505,
18/11/2021,2202,43433,247,200060,385,
10/11/2021,2170,43393,242,200069,410,
18/11/2021,2217,43448,230,200085,390,
11/12/2021,2258,43512,236,200081,2035,
20/11/2021,2249,43482,228,200066,1410,
11/11/2021,2148,43372,244,200057,205,
13/12/2021,2311,43567,246,200089,225,
14/11/2021,2243,43470,245,200068,390,
11/11/2021,2300,43524,240,200026,255,
18/12/2021,2311,43572,246,200072,2300,
24/11/2021,2144,43381,238,200084,110,
29/11/2021,2270,43512,237,200047,365,
31/10/2021,2129,43342,235,200072,605,
18/11/2021,2283,43514,235,200081,195,
03/12/2021,2265,43511,235,200073,1170,
26/11/2021,2246,43485,233,200067,1175,
25/10/2021,2313,43520,248,200065,1145,
05/12/2021,2134,43382,243,200073,2510,
15/11/2021,2205,43433,245,200066,600,
28/12/2021,2313,43584,248,200068,1835,
04/12/2021,2150,43397,240,200047,1450,
19/11/2021,2197,43429,241,200081,1680,
13/10/2021,2206,43401,239,200083,405,
05/12/2021,2197,43445,241,200046,2150,
31/10/2021,2172,43385,244,200071,990,
11/11/2021,2220,43444,243,200079,160,
03/11/2021,2231,43447,239,200054,230,
24/11/2021,2167,43404,249,200055,500,
13/12/2021,2164,43420,244,200053,1515,
13/12/2021,2312,43568,228,200068,1030,
22/10/2021,2139,43343,238,200046,730,
18/11/2021,2194,43425,232,200071,95,
09/12/2021,2158,43410,242,200069,190,
22/10/2021,2283,43487,235,200002,965,
29/10/2021,2160,43371,231,200060,945,
24/11/2021,2299,43536,241,200044,65,
26/10/2021,2196,43404,242,200060,2120,
15/11/2021,2246,43474,233,200052,750,
31/10/2021,2241,43454,242,200072,785,
08/11/2021,2152,43373,237,200081,2980,
23/10/2021,2149,43354,235,200081,2330,
06/12/2021,2277,43526,237,200067,745,
02/11/2021,2172,43387,244,200088,1385,
25/10/2021,2122,43329,237,200046,1245,
19/11/2021,2230,43462,240,200084,140,
04/11/2021,2174,43391,239,200073,170,
14/11/2021,2217,43444,230,200016,815,
01/10/2021,2233,43416,243,200060,575,
11/11/2021,2245,43469,240,200060,270,
23/10/2021,2152,43357,237,200065,905,
16/11/2021,2183,43412,248,200055,270,
27/11/2021,2165,43405,233,200066,290,
04/11/2021,2152,43369,237,200054,340,
17/10/2021,2268,43467,241,200052,980,
07/11/2021,2153,43373,237,200079,1255,
12/09/2021,2288,43452,248,200088,580,
17/10/2021,2283,43482,235,200046,875,
09/10/2021,2277,43468,237,200053,740,
02/11/2021,2231,43446,239,200066,1435,
23/11/2021,2313,43549,248,200069,1300,
25/11/2021,2152,43390,237,200072,155,
03/11/2021,2175,43391,246,200055,355,
12/10/2021,2231,43425,239,200082,1425,
23/09/2021,2300,43475,240,200070,110,
09/10/2021,2133,43324,236,200027,1070,
17/10/2021,2140,43339,233,200072,445,
23/10/2021,2308,43513,246,200088,75,
04/11/2021,2234,43451,239,200067,235,
10/10/2021,2232,43424,240,200070,1030,
18/10/2021,2300,43500,240,200066,715,
24/10/2021,2242,43448,240,200069,1740,
01/10/2021,2228,43411,229,200002,615,
10/10/2021,2182,43374,244,200079,1125,
11/10/2021,2134,43327,243,200081,2110,
05/12/2021,2245,43493,240,200072,1665,
08/11/2021,2293,43514,242,200070,535,
26/10/2021,2228,43436,229,200069,605,
05/10/2021,2253,43440,249,200054,760,
08/10/2021,2193,43383,242,200065,230,
29/10/2021,2298,43509,242,200065,640,
12/10/2021,2295,43489,229,200072,120,
26/10/2021,2169,43377,238,200060,770,
05/10/2021,2123,43310,238,200027,400,y
26/11/2021,2164,43403,244,200057,1310,
19/10/2021,2308,43509,246,200088,390,y
24/10/2021,2307,43513,238,200059,1315,
30/10/2021,2136,43348,237,200044,1380,
14/10/2021,2149,43345,235,200055,100,y
06/09/2021,2284,43442,238,200016,380,
19/10/2021,2190,43391,234,200046,1630,
01/11/2021,2275,43489,241,200070,790,
26/10/2021,2190,43398,234,200055,1515,
28/09/2021,2296,43476,244,200084,2055,y
09/11/2021,2230,43452,240,200081,2135,
08/11/2021,2246,43467,233,200079,945,y
26/10/2021,2285,43493,237,200073,495,y
10/10/2021,2172,43364,244,200055,915,
26/10/2021,2183,43391,248,200074,375,y
07/10/2021,2210,43399,233,200069,35,
25/09/2021,2167,43344,249,200016,380,y
11/10/2021,2192,43385,231,200055,1390,
24/08/2021,2197,43342,241,200068,1000,
01/11/2021,2310,43524,242,200012,690,
17/09/2021,2126,43295,234,200071,690,
12/10/2021,2277,43471,237,200081,860,
22/10/2021,2232,43436,240,200065,1840,
08/10/2021,2125,43315,241,200052,1530,
10/09/2021,2315,43477,245,200056,780,
01/11/2021,2218,43432,238,200043,435,
09/10/2021,2292,43483,245,200088,1600,
29/09/2021,2123,43304,238,200069,235,
27/09/2021,2147,43326,231,200056,955,
12/11/2021,2166,43391,249,200057,2095,
04/10/2021,2253,43439,249,200065,580,
26/09/2021,2230,43408,240,200060,65,
24/09/2021,2248,43424,250,200074,1065,
07/11/2021,2131,43351,240,200069,1345,
20/09/2021,2282,43454,239,200085,175,
19/09/2021,2298,43469,242,200054,760,
10/10/2021,2189,43381,244,200088,1430,
23/10/2021,2310,43515,242,200082,820,
23/10/2021,2160,43365,231,200066,605,
27/10/2021,2180,43389,235,200069,255,
17/10/2021,2166,43365,249,200065,665,
09/11/2021,2167,43389,249,200044,440,
02/10/2021,2216,43400,233,200072,1350,
21/10/2021,2161,43364,239,200047,130,
03/11/2021,2260,43476,236,200072,140,
05/10/2021,2247,43434,238,200048,1175,
15/10/2021,2200,43397,230,200082,825,
22/10/2021,2163,43367,234,200059,1100,
29/09/2021,2266,43447,237,200059,110,
31/10/2021,2266,43479,237,200046,895,
05/10/2021,2264,43451,237,200065,840,
29/10/2021,2248,43459,250,200088,295,
05/10/2021,2126,43313,234,200089,1210,
01/11/2021,2247,43461,238,200046,1480,
12/10/2021,2171,43365,232,200082,740,
14/10/2021,2196,43392,242,200048,240,
26/10/2021,2203,43411,232,200081,1250,
10/10/2021,2197,43389,241,200066,1355,
14/11/2021,2233,43460,243,200027,225,
02/09/2021,2170,43324,242,200060,335,
07/10/2021,2197,43386,241,200082,330,
25/10/2021,2177,43384,239,200067,840,y
30/09/2021,2223,43405,248,200069,185,
21/10/2021,2232,43435,240,200066,200,
27/11/2021,2157,43397,232,200081,3015,
22/08/2021,2128,43271,237,200069,1020,
12/10/2021,2195,43389,241,200088,1040,
06/11/2021,2234,43453,239,200068,930,
27/09/2021,2242,43421,240,200056,1365,
18/09/2021,2210,43380,233,200082,495,y
21/11/2021,2290,43524,236,200082,700,
02/10/2021,2132,43316,240,200047,1125,
30/09/2021,2230,43412,240,200058,290,
22/10/2021,2188,43392,248,200069,1085,y
08/10/2021,2225,43415,233,200088,710,y
12/10/2021,2192,43386,231,200072,680,y
12/10/2021,2131,43325,240,200082,1385,y
26/09/2021,2238,43416,241,200070,940,y
14/10/2021,2310,43506,242,200055,45,y
05/10/2021,2298,43485,242,200071,1270,y
09/09/2021,2135,43296,246,200047,125,y
24/11/2021,2245,43482,240,200016,160,y
16/09/2021,2283,43451,235,200083,480,y
22/09/2021,2245,43419,240,200067,260,
14/09/2021,2246,43412,233,200027,660,
14/09/2021,2130,43296,240,200054,595,
04/10/2021,2257,43443,245,200073,1170,
03/10/2021,2218,43403,238,200054,45,
01/10/2021,2242,43425,240,200089,1070,
13/09/2021,2294,43459,230,200047,365,
29/09/2021,2248,43429,250,200065,240,
30/09/2021,2148,43330,244,200045,155,
06/09/2021,2270,43428,237,200044,1220,
05/10/2021,2276,43463,245,200027,550,
09/10/2021,2295,43486,229,200072,950,
04/10/2021,2192,43378,231,200055,845,
12/09/2021,2216,43380,233,200083,930,
01/10/2021,2236,43419,250,200072,35,
02/09/2021,2314,43468,237,200073,435,
02/10/2021,2296,43480,244,200070,1565,
20/10/2021,2300,43502,240,200069,435,
06/09/2021,2202,43360,247,200070,1330,
18/10/2021,2221,43421,247,200046,685,
01/10/2021,2286,43469,237,200059,305,
29/10/2021,2126,43337,234,200071,170,
08/10/2021,2183,43373,248,200060,1735,
03/09/2021,2221,43376,247,200043,1280,
21/09/2021,2126,43299,234,200070,1450,
06/10/2021,2184,43372,244,200055,415,
16/09/2021,2292,43460,245,200072,440,
10/10/2021,2287,43479,235,200058,970,
28/08/2021,2126,43275,234,200074,890,
27/09/2021,2142,43321,234,200066,170,
09/11/2021,2238,43460,241,200002,200,
14/09/2021,2197,43363,241,200056,1845,
17/09/2021,2313,43482,248,200057,855,
30/08/2021,2128,43279,237,200066,660,
10/10/2021,2313,43505,248,200053,1530,
20/10/2021,2232,43434,240,200016,320,
18/09/2021,2307,43477,238,200044,1475,
29/08/2021,2208,43358,243,200056,980,
25/08/2021,2305,43451,243,200085,445,
17/10/2021,2166,43365,249,200045,1555,
30/09/2021,2213,43395,232,200060,365,
19/09/2021,2222,43393,238,200059,275,
13/10/2021,2283,43478,235,200067,320,
18/09/2021,2217,43387,230,200052,655,
14/10/2021,2230,43426,240,200026,145,
19/09/2021,2271,43442,244,200070,210,
01/10/2021,2268,43451,241,200054,915,
24/09/2021,2126,43302,234,200027,410,
02/09/2021,2146,43300,236,200046,60,
14/09/2021,2225,43391,233,200044,130,
07/10/2021,2155,43344,246,200072,415,
12/10/2021,2206,43400,239,200069,560,
12/09/2021,2200,43364,230,200016,715,
11/10/2021,2189,43382,244,200055,365,
07/08/2021,2162,43290,241,200082,330,
12/08/2021,2206,43339,239,200085,225,
15/09/2021,2242,43409,240,200078,325,
18/09/2021,2291,43461,240,200070,1650,
19/10/2021,2276,43477,245,200070,605,
22/10/2021,2244,43448,240,200074,830,
15/09/2021,2211,43378,239,200068,75,
11/10/2021,2235,43428,242,200068,460,
13/09/2021,2261,43426,241,200089,1520,
01/09/2021,2181,43334,238,200027,210,
02/10/2021,2235,43419,242,200054,1205,
15/09/2021,2141,43308,250,200074,0,
29/08/2021,2235,43385,242,200055,515,
22/10/2021,2133,43337,236,200055,675,
05/10/2021,2133,43320,236,200058,605,
12/09/2021,2314,43478,237,200088,660,
02/09/2021,2250,43404,236,200073,40,
29/09/2021,2230,43411,240,200070,315,
15/09/2021,2217,43384,230,200066,250,
27/09/2021,2129,43308,235,200057,800,
02/09/2021,2266,43420,237,200002,200,
08/09/2021,2177,43337,239,200053,175,
30/07/2021,2278,43398,230,200081,1325,
20/09/2021,2214,43386,248,200060,525,
03/09/2021,2313,43468,248,200070,745,
06/09/2021,2150,43308,240,200060,70,
18/09/2021,2298,43468,242,200055,350,
01/09/2021,2238,43391,241,200054,285,
30/09/2021,2289,43471,238,200067,180,
25/08/2021,2245,43391,240,200088,170,
27/09/2021,2247,43426,238,200084,355,
15/09/2021,2253,43420,249,200047,40,
04/09/2021,2170,43326,242,200071,365,
14/08/2021,2134,43269,243,200060,1310,
13/09/2021,2280,43445,244,200043,540,
13/09/2021,2266,43431,237,200089,1345,
07/10/2021,2260,43449,236,200073,225,
12/10/2021,2196,43390,242,200074,435,
29/09/2021,2283,43464,235,200056,610,
25/08/2021,2174,43320,239,200066,85,
17/08/2021,2264,43402,237,200055,1275,
01/10/2021,2163,43346,234,200068,610,
02/09/2021,2195,43349,241,200070,295,
02/08/2021,2255,43378,238,200082,660,
01/09/2021,2232,43385,240,200056,265,
09/10/2021,2231,43422,239,200065,1660,
24/08/2021,2208,43353,243,200054,795,
07/09/2021,2152,43311,237,200026,390,
02/10/2021,2180,43364,235,200073,1300,
12/09/2021,2248,43412,250,200066,560,
07/09/2021,2283,43442,235,200079,1870,
07/09/2021,2282,43441,239,200081,615,
19/08/2021,2215,43355,241,200066,120,
25/09/2021,2169,43346,238,200073,1290,
17/08/2021,2228,43366,229,200073,800,
21/08/2021,2289,43431,238,200081,885,
14/09/2021,2134,43300,243,200047,1430,
09/07/2021,2216,43315,233,200082,2340,
17/09/2021,2214,43383,248,200074,780,
24/08/2021,2211,43356,239,200074,1070,
04/08/2021,2300,43425,240,200066,145,
25/09/2021,2258,43435,236,200082,655,
27/07/2021,2164,43281,244,200055,1365,
14/09/2021,2221,43387,247,200067,465,
01/09/2021,2289,43442,238,200083,100,
22/08/2021,2282,43425,239,200073,700,
13/08/2021,2166,43300,249,200073,1115,
24/08/2021,2145,43290,242,200069,445,
15/09/2021,2251,43418,235,200027,150,
03/09/2021,2177,43332,239,200085,1075,
30/08/2021,2267,43418,238,200071,310,
29/08/2021,2306,43456,240,200012,395,
18/08/2021,2182,43321,244,200055,355,
19/08/2021,2256,43396,237,200056,210,
15/07/2021,2219,43324,245,200053,120,
27/08/2021,2219,43367,245,200066,1520,
13/08/2021,2150,43284,240,200027,380,
03/09/2021,2298,43453,242,200066,965,
10/08/2021,2283,43414,235,200073,1630,
06/09/2021,2176,43334,238,200072,1590,
15/09/2021,2284,43451,238,200083,160,
11/09/2021,2257,43420,245,200089,1165,
17/08/2021,2133,43271,236,200065,1135,
18/08/2021,2221,43360,247,200078,295,
10/09/2021,2260,43422,236,200016,995,
07/08/2021,2247,43375,238,200065,235,
20/08/2021,2198,43339,240,200073,105,
04/09/2021,2261,43417,241,200081,1940,
28/08/2021,2215,43364,241,200073,820,
10/08/2021,2246,43377,233,200053,1015,
21/08/2021,2196,43338,242,200074,1300,
21/08/2021,2231,43373,239,200060,730,
30/08/2021,2123,43274,238,200067,940,
24/07/2021,2249,43363,228,200066,600,
08/08/2021,2153,43282,237,200071,660,
01/08/2021,2276,43398,245,200084,845,
16/09/2021,2265,43433,235,200047,240,y
06/09/2021,2188,43346,248,200052,400,
02/08/2021,2256,43379,237,200056,430,
04/08/2021,2300,43425,240,200044,80,
22/08/2021,2161,43304,239,200054,535,
16/09/2021,2311,43479,246,200053,450,y
03/09/2021,2311,43466,246,200067,1105,
26/08/2021,2241,43388,242,200069,375,
11/09/2021,2265,43428,235,200002,725,
05/08/2021,2152,43278,237,200072,285,y
11/08/2021,2291,43423,240,200084,65,
30/08/2021,2196,43347,242,200068,1040,
17/08/2021,2170,43308,242,200081,680,
10/08/2021,2186,43317,245,200012,1110,
13/08/2021,2167,43301,249,200060,805,
02/08/2021,2274,43397,250,200060,1410,
31/07/2021,2249,43370,228,200058,655,
21/07/2021,2166,43277,249,200043,325,
01/09/2021,2249,43402,228,200088,205,
22/08/2021,2125,43268,241,200055,630,
06/07/2021,2188,43284,248,200071,555,
15/08/2021,2141,43277,250,200082,1090,
14/08/2021,2296,43431,244,200088,1450,
08/09/2021,2171,43331,232,200054,70,
19/08/2021,2245,43385,240,200012,120,
12/07/2021,2312,43414,228,200072,550,
14/08/2021,2213,43348,232,200065,820,
13/07/2021,2276,43379,245,200055,1105,
21/08/2021,2311,43453,246,200088,845,
16/08/2021,2182,43319,244,200055,2370,
22/07/2021,2269,43381,239,200054,240,
24/08/2021,2283,43428,235,200082,1290,
02/08/2021,2216,43339,233,200074,105,
01/09/2021,2215,43368,241,200067,245,
12/09/2021,2256,43420,237,200074,1125,
28/06/2021,2258,43346,236,200082,1295,
20/08/2021,2192,43333,231,200070,400,
06/08/2021,2310,43437,242,200060,460,
09/08/2021,2264,43394,237,200069,245,
16/09/2021,2224,43392,243,200057,25,
10/08/2021,2231,43362,239,200048,1295,
13/08/2021,2179,43313,239,200069,715,
22/06/2021,2164,43246,244,200052,965,
31/07/2021,2193,43314,242,200046,395,
29/08/2021,2181,43331,238,200054,25,
12/07/2021,2197,43299,241,200002,865,
04/08/2021,2316,43441,241,200072,50,
22/07/2021,2171,43283,232,200046,210,
15/07/2021,2166,43271,249,200046,180,
27/07/2021,2244,43361,240,200082,200,
22/07/2021,2142,43254,234,200016,30,
30/07/2021,2269,43389,239,200060,1875,
17/07/2021,2205,43312,245,200047,410,
24/07/2021,2163,43277,234,200071,1235,
31/07/2021,2317,43438,244,200067,700,
29/07/2021,2292,43411,245,200054,405,
05/07/2021,2272,43367,236,200047,795,
30/07/2021,2217,43337,230,200068,905,
15/08/2021,2206,43342,239,200067,870,
28/08/2021,2224,43373,243,200069,195,
14/08/2021,2245,43380,240,200066,1320,
30/08/2021,2288,43439,248,200055,185,
15/09/2021,2192,43359,231,200016,150,
